As Of;Currency;NAV per Share;Shares Outstanding;Total Net Assets;Fund Return Series;Benchmark Return Series
19/Nov/2025;EUR;6.34;10’640’585.00;67’443’498.32;127.40;126.42
18/Nov/2025;EUR;6.34;10’640’585.00;67’421’413.26;--;--
17/Nov/2025;EUR;6.44;10’640’585.00;68’550’832.05;129.49;128.50
14/Nov/2025;EUR;6.49;10’640’585.00;69’045’585.04;130.43;129.43
13/Nov/2025;EUR;6.55;10’640’585.00;69’747’694.72;131.75;130.75
12/Nov/2025;EUR;6.61;10’640’585.00;70’347’047.39;132.88;131.88
11/Nov/2025;EUR;6.56;9’640’585.00;63’273’166.15;131.92;130.92
10/Nov/2025;EUR;6.48;9’640’585.00;62’437’128.56;130.18;129.18
07/Nov/2025;EUR;6.39;9’640’585.00;61’578’341.83;128.39;127.40
06/Nov/2025;EUR;6.43;9’640’585.00;62’020’027.67;129.31;128.32
05/Nov/2025;EUR;6.49;9’613’459.00;62’348’426.75;130.36;129.37
04/Nov/2025;EUR;6.47;9’613’459.00;62’185’945.86;130.02;129.03
03/Nov/2025;EUR;6.48;9’613’459.00;62’336’426.00;130.33;129.34
31/Oct/2025;EUR;6.49;9’613’459.00;62’388’249.28;130.44;129.45
30/Oct/2025;EUR;6.54;9’613’459.00;62’858’345.49;131.42;130.42
29/Oct/2025;EUR;6.54;9’613’459.00;62’868’560.51;131.45;130.46
28/Oct/2025;EUR;6.56;9’613’459.00;63’046’634.20;131.82;130.82
27/Oct/2025;EUR;6.59;9’613’459.00;63’311’770.63;132.37;131.37
24/Oct/2025;EUR;6.57;9’613’459.00;63’192’646.88;132.12;131.13
23/Oct/2025;EUR;6.56;9’613’459.00;63’099’330.83;131.93;130.93
22/Oct/2025;EUR;6.55;9’613’459.00;62’958’311.92;131.63;130.64
21/Oct/2025;EUR;6.57;9’582’109.00;62’933’002.28;132.01;131.01
20/Oct/2025;EUR;6.55;9’582’109.00;62’766’240.66;131.66;130.66
17/Oct/2025;EUR;6.49;9’627’760.00;62’446’524.47;130.37;129.38
16/Oct/2025;EUR;6.54;9’627’760.00;62’921’471.78;131.36;130.37
15/Oct/2025;EUR;6.50;9’627’760.00;62’579’646.48;130.65;129.66
14/Oct/2025;EUR;6.45;9’627’760.00;62’114’395.86;129.68;128.69
13/Oct/2025;EUR;6.47;9’627’760.00;62’274’481.06;130.01;129.02
10/Oct/2025;EUR;6.44;9’627’760.00;61’966’455.71;129.37;128.39
09/Oct/2025;EUR;6.51;9’618’127.00;62’606’797.52;130.84;129.85
08/Oct/2025;EUR;6.54;9’618’127.00;62’940’621.73;131.53;130.54
07/Oct/2025;EUR;6.49;9’618’127.00;62’451’325.25;130.51;129.53
06/Oct/2025;EUR;6.50;9’618’127.00;62’534’186.93;130.68;129.70
03/Oct/2025;EUR;6.49;9’618’127.00;62’469’106.87;130.55;129.56
02/Oct/2025;EUR;6.46;10’618’127.00;68’567’986.10;129.80;128.82
01/Oct/2025;EUR;6.42;10’618’127.00;68’132’739.63;128.97;128.00
30/Sept/2025;EUR;6.33;10’618’127.00;67’205’913.43;127.22;126.26
29/Sept/2025;EUR;6.30;10’618’127.00;66’870’805.11;126.59;125.62
26/Sept/2025;EUR;6.27;10’618’127.00;66’626’498.21;126.12;125.16
25/Sept/2025;EUR;6.23;10’618’127.00;66’147’439.11;125.22;124.26
24/Sept/2025;EUR;6.28;10’618’127.00;66’652’183.05;126.17;125.21
23/Sept/2025;EUR;6.30;10’618’127.00;66’908’625.01;126.66;125.69
22/Sept/2025;EUR;6.29;9’618’127.00;60’479’764.75;126.39;125.43
19/Sept/2025;EUR;6.29;9’618’127.00;60’500’823.96;126.43;125.47
18/Sept/2025;EUR;6.30;9’618’127.00;60’639’002.86;126.72;125.76
17/Sept/2025;EUR;6.25;9’618’127.00;60’096’027.04;125.59;124.63
16/Sept/2025;EUR;6.24;9’618’127.00;59’994’387.18;125.38;124.42
15/Sept/2025;EUR;6.31;9’618’127.00;60’718’487.23;126.89;125.92
12/Sept/2025;EUR;6.29;9’618’127.00;60’533’933.31;126.50;125.53
11/Sept/2025;EUR;6.30;9’618’127.00;60’584’287.75;126.61;125.63
10/Sept/2025;EUR;6.28;9’617’103.00;60’354’723.83;126.14;125.17
09/Sept/2025;EUR;6.28;9’617’103.00;60’409’936.28;126.26;125.29
08/Sept/2025;EUR;6.28;9’617’103.00;60’438’005.85;126.32;125.35
05/Sept/2025;EUR;6.25;9’617’103.00;60’154’701.45;125.72;124.76
04/Sept/2025;EUR;6.25;7’605’947.00;47’546’615.90;125.65;124.68
03/Sept/2025;EUR;6.21;7’338’867.00;45’597’479.61;124.88;123.92
02/Sept/2025;EUR;6.16;7’278’867.00;44’843’745.28;123.83;122.88
01/Sept/2025;EUR;6.26;7’297’127.00;45’670’565.12;125.80;124.83
29/Aug/2025;EUR;6.25;7’297’127.00;45’610’064.12;125.63;124.66
28/Aug/2025;EUR;6.30;7’297’127.00;45’981’812.81;126.66;125.68
27/Aug/2025;EUR;6.32;7’297’127.00;46’086’877.33;126.95;125.97
26/Aug/2025;EUR;6.30;7’297’127.00;45’975’390.26;126.64;125.66
22/Aug/2025;EUR;6.39;7’297’127.00;46’651’180.56;128.50;127.50
21/Aug/2025;EUR;6.36;7’297’127.00;46’403’004.76;127.82;126.82
20/Aug/2025;EUR;6.37;7’297’127.00;46’514’775.97;128.12;127.13
19/Aug/2025;EUR;6.36;7’297’127.00;46’416’925.04;127.86;126.86
18/Aug/2025;EUR;6.31;7’297’127.00;46’025’896.93;126.78;125.79
15/Aug/2025;EUR;6.30;7’297’127.00;45’954’034.63;126.58;125.59
14/Aug/2025;EUR;6.29;7’297’127.00;45’921’099.39;126.49;125.50
13/Aug/2025;EUR;6.26;7’297’127.00;45’669’683.62;125.80;124.82
12/Aug/2025;EUR;6.22;7’297’127.00;45’383’649.80;125.01;124.03
11/Aug/2025;EUR;6.21;7’297’127.00;45’337’268.48;124.88;123.91
08/Aug/2025;EUR;6.22;7’297’127.00;45’402’600.82;125.06;124.08
07/Aug/2025;EUR;6.21;7’297’127.00;45’339’823.72;124.89;123.91
06/Aug/2025;EUR;6.13;7’297’127.00;44’746’840.87;123.26;122.29
05/Aug/2025;EUR;6.15;7’625’809.00;46’896’058.93;123.61;122.63
04/Aug/2025;EUR;6.14;7’625’809.00;46’835’156.11;123.45;122.47
01/Aug/2025;EUR;6.09;7’625’809.00;46’408’741.93;122.32;121.36
31/Jul/2025;EUR;6.20;7’673’285.00;47’600’001.27;124.69;123.70
30/Jul/2025;EUR;6.28;7’673’285.00;48’150’601.59;126.13;125.13
29/Jul/2025;EUR;6.28;7’673’285.00;48’180’167.85;126.21;125.21
28/Jul/2025;EUR;6.28;7’673’285.00;48’184’599.66;126.22;125.22
25/Jul/2025;EUR;6.29;7’673’285.00;48’230’807.30;126.34;125.34
24/Jul/2025;EUR;6.30;7’673’285.00;48’339’579.08;126.62;125.63
23/Jul/2025;EUR;6.28;7’673’285.00;48’205’151.87;126.27;125.27
22/Jul/2025;EUR;6.22;7’633’285.00;47’449’131.70;124.94;123.96
21/Jul/2025;EUR;6.25;7’633’285.00;47’678’207.85;125.55;124.56
18/Jul/2025;EUR;6.25;7’633’285.00;47’687’059.98;125.57;124.59
17/Jul/2025;EUR;6.25;7’633’285.00;47’723’746.61;125.67;124.68
16/Jul/2025;EUR;6.18;7’633’285.00;47’180’799.55;124.24;123.26
15/Jul/2025;EUR;6.22;7’633’285.00;47’489’289.61;125.05;124.07
14/Jul/2025;EUR;6.24;7’633’285.00;47’605’947.15;125.36;124.37
11/Jul/2025;EUR;6.24;7’633’285.00;47’658’896.98;125.50;124.51
10/Jul/2025;EUR;6.32;7’633’285.00;48’225’761.86;126.99;125.99
09/Jul/2025;EUR;6.28;7’679’519.00;48’229’106.62;126.23;125.24
08/Jul/2025;EUR;6.24;7’679’519.00;47’906’651.40;125.39;124.40
07/Jul/2025;EUR;6.22;7’679’519.00;47’783’979.81;125.07;124.08
04/Jul/2025;EUR;6.19;7’679’519.00;47’564’887.55;124.49;123.51
03/Jul/2025;EUR;6.22;7’679’519.00;47’790’379.10;125.08;124.10
02/Jul/2025;EUR;6.20;7’679’519.00;47’584’868.43;124.55;123.57
01/Jul/2025;EUR;6.19;7’679’519.00;47’549’113.57;124.45;123.48
30/Jun/2025;EUR;6.19;7’930’597.00;49’110’479.07;124.47;123.50
27/Jun/2025;EUR;6.23;7’930’597.00;49’367’963.53;125.12;124.14
26/Jun/2025;EUR;6.15;7’930’597.00;48’786’046.01;123.65;122.68
25/Jun/2025;EUR;6.15;7’930’597.00;48’782’130.38;123.64;122.67
24/Jun/2025;EUR;6.20;7’930’597.00;49’163’253.65;124.60;123.62
23/Jun/2025;EUR;6.12;7’930’597.00;48’574’124.03;123.11;122.14
20/Jun/2025;EUR;6.14;7’930’597.00;48’671’890.36;123.36;122.40
19/Jun/2025;EUR;6.13;7’930’597.00;48’629’086.74;123.25;122.29
18/Jun/2025;EUR;6.18;7’930’597.00;49’001’533.92;124.19;123.23
17/Jun/2025;EUR;6.21;8’002’788.00;49’690’309.09;124.80;123.83
16/Jun/2025;EUR;6.27;8’002’788.00;50’149’604.93;125.96;124.96
13/Jun/2025;EUR;6.25;8’002’788.00;49’982’921.57;125.54;124.54
12/Jun/2025;EUR;6.31;8’002’788.00;50’499’491.46;126.84;125.83
11/Jun/2025;EUR;6.34;8’002’788.00;50’739’855.92;127.44;126.43
10/Jun/2025;EUR;6.36;8’002’788.00;50’931’210.05;127.92;126.91
09/Jun/2025;EUR;6.36;8’002’788.00;50’877’356.66;127.78;126.78
06/Jun/2025;EUR;6.36;8’002’788.00;50’929’484.35;127.92;126.92
05/Jun/2025;EUR;6.33;8’002’788.00;50’697’240.49;127.33;126.34
04/Jun/2025;EUR;6.33;8’002’788.00;50’649’930.22;--;--
03/Jun/2025;EUR;6.29;8’185’389.00;51’449’648.79;126.34;125.35
02/Jun/2025;EUR;6.29;8’185’389.00;51’486’633.42;126.43;125.44
30/May/2025;EUR;6.30;8’185’389.00;51’565’346.90;126.62;125.63
29/May/2025;EUR;6.29;8’185’389.00;51’506’112.60;126.48;125.49
28/May/2025;EUR;6.29;8’185’389.00;51’525’466.04;126.53;125.53
27/May/2025;EUR;6.34;8’185’389.00;51’870’828.99;127.37;126.38
23/May/2025;EUR;6.26;8’185’389.00;51’266’032.59;125.89;124.91
22/May/2025;EUR;6.32;8’185’389.00;51’724’658.61;127.01;126.03
21/May/2025;EUR;6.36;8’185’389.00;52’095’993.81;127.93;126.94
20/May/2025;EUR;6.36;8’185’389.00;52’094’686.35;127.92;126.95
19/May/2025;EUR;6.32;8’185’389.00;51’725’085.41;127.02;126.06
16/May/2025;EUR;6.31;8’185’389.00;51’621’061.16;126.76;125.83
15/May/2025;EUR;6.28;8’185’389.00;51’425’006.93;126.28;125.35
14/May/2025;EUR;6.24;8’185’389.00;51’100’562.04;125.48;124.57
13/May/2025;EUR;6.26;8’185’389.00;51’231’219.40;125.80;124.89
12/May/2025;EUR;6.25;8’185’389.00;51’173’929.11;125.66;124.75
09/May/2025;EUR;6.17;8’185’389.00;50’500’573.55;124.01;123.12
08/May/2025;EUR;6.14;8’185’389.00;50’228’467.04;123.34;122.46
07/May/2025;EUR;6.12;8’185’389.00;50’073’761.17;122.96;122.08
06/May/2025;EUR;6.15;8’185’389.00;50’363’715.89;123.67;122.80
02/May/2025;EUR;6.15;8’271’183.00;50’847’936.54;123.57;122.73
01/May/2025;EUR;6.04;8’271’183.00;49’994’578.18;121.49;120.68
30/Apr/2025;EUR;6.04;8’456’228.00;51’115’462.48;121.50;120.68
29/Apr/2025;EUR;6.00;8’456’228.00;50’730’986.47;120.58;119.80
28/Apr/2025;EUR;5.98;8’456’228.00;50’581’504.06;120.23;119.46
25/Apr/2025;EUR;5.95;8’456’228.00;50’327’453.35;119.63;118.86
24/Apr/2025;EUR;5.93;8’456’228.00;50’141’163.57;119.18;118.43
23/Apr/2025;EUR;5.90;8’456’228.00;49’901’062.27;118.61;117.87
22/Apr/2025;EUR;5.80;8’456’228.00;49’022’412.70;116.52;115.79
17/Apr/2025;EUR;5.77;8’456’228.00;48’831’289.30;116.07;115.36
16/Apr/2025;EUR;5.78;8’456’228.00;48’913’269.44;116.26;115.55
15/Apr/2025;EUR;5.80;8’456’228.00;49’062’806.69;116.62;115.92
14/Apr/2025;EUR;5.71;8’456’228.00;48’285’845.23;114.77;114.08
11/Apr/2025;EUR;5.57;8’456’228.00;47’064’887.59;111.87;111.19
10/Apr/2025;EUR;5.56;8’456’228.00;47’038’246.70;111.81;111.13
09/Apr/2025;EUR;5.36;8’456’228.00;45’291’575.19;107.66;106.99
08/Apr/2025;EUR;5.55;8’456’228.00;46’901’637.32;111.48;110.80
07/Apr/2025;EUR;5.40;8’456’228.00;45’626’418.51;108.45;107.79
04/Apr/2025;EUR;5.66;8’456’228.00;47’844’666.93;113.72;113.02
03/Apr/2025;EUR;5.93;8’456’228.00;50’164’892.47;119.24;118.51
02/Apr/2025;EUR;6.07;8’456’228.00;51’364’014.17;122.09;121.35
01/Apr/2025;EUR;6.10;8’456’228.00;51’547’398.55;122.52;121.80
31/Mar/2025;EUR;6.03;8’456’228.00;51’015’720.23;121.26;120.55
28/Mar/2025;EUR;6.13;7’456’228.00;45’736’509.54;123.29;122.57
27/Mar/2025;EUR;6.17;7’456’228.00;45’991’528.31;123.98;123.26
26/Mar/2025;EUR;6.19;7’456’228.00;46’116’838.16;124.32;123.61
25/Mar/2025;EUR;6.24;9’456’228.00;58’991’559.01;125.39;124.68
24/Mar/2025;EUR;6.20;9’456’228.00;58’662’329.92;124.69;123.99
21/Mar/2025;EUR;6.21;9’456’228.00;58’751’308.35;124.88;124.18
20/Mar/2025;EUR;6.25;9’456’228.00;59’120’118.39;125.66;124.97
19/Mar/2025;EUR;6.27;9’547’685.00;59’861’996.54;126.02;125.33
18/Mar/2025;EUR;6.26;9’547’685.00;59’760’011.82;125.81;125.11
17/Mar/2025;EUR;6.23;9’547’685.00;59’458’109.92;125.17;124.49
14/Mar/2025;EUR;6.18;10’009’685.00;61’813’675.57;124.12;123.45
13/Mar/2025;EUR;6.12;10’009’685.00;61’244’269.50;122.98;122.31
12/Mar/2025;EUR;6.13;10’009’685.00;61’376’674.19;123.25;122.58
11/Mar/2025;EUR;6.10;10’009’685.00;61’023’310.51;122.54;121.87
10/Mar/2025;EUR;6.21;10’009’685.00;62’126’867.92;124.75;124.07
07/Mar/2025;EUR;6.28;10’009’685.00;62’884’549.59;126.28;125.57
06/Mar/2025;EUR;6.30;9’936’745.00;62’622’386.75;126.67;125.97
05/Mar/2025;EUR;6.31;9’936’745.00;62’727’617.61;126.88;126.18
04/Mar/2025;EUR;6.26;9’936’745.00;62’249’862.98;125.92;125.22
03/Mar/2025;EUR;6.39;9’936’745.00;63’469’872.98;128.39;127.66
28/Feb/2025;EUR;6.34;9’936’745.00;63’047’199.57;127.53;126.83
27/Feb/2025;EUR;6.34;9’936’745.00;63’036’493.30;127.51;126.82
26/Feb/2025;EUR;6.38;9’936’745.00;63’425’340.36;128.30;127.59
25/Feb/2025;EUR;6.32;9’936’745.00;62’824’534.22;127.08;126.38
24/Feb/2025;EUR;6.32;9’936’745.00;62’753’046.22;126.94;126.24
21/Feb/2025;EUR;6.34;9’936’745.00;62’962’657.69;127.36;126.67
20/Feb/2025;EUR;6.30;9’936’745.00;62’571’428.92;126.57;125.88
19/Feb/2025;EUR;6.29;9’936’745.00;62’519’940.21;126.46;125.78
18/Feb/2025;EUR;6.35;9’936’745.00;63’105’550.75;127.65;126.95
17/Feb/2025;EUR;6.33;9’936’745.00;62’916’034.03;127.27;126.57
14/Feb/2025;EUR;6.31;9’936’745.00;62’668’081.76;126.76;126.06
13/Feb/2025;EUR;6.33;9’936’745.00;62’866’138.92;127.16;126.48
12/Feb/2025;EUR;6.25;9’936’745.00;62’063’995.73;125.54;124.85
11/Feb/2025;EUR;6.25;9’936’745.00;62’064’705.99;125.54;124.85
10/Feb/2025;EUR;6.24;9’918’135.00;61’886’731.09;125.42;124.72
07/Feb/2025;EUR;6.20;9’918’135.00;61’494’346.68;124.62;123.94
06/Feb/2025;EUR;6.24;9’918’135.00;61’849’097.41;125.34;124.65
05/Feb/2025;EUR;6.16;9’918’135.00;61’143’403.84;123.91;123.22
04/Feb/2025;EUR;6.13;9’918’135.00;60’846’149.95;123.31;122.63
03/Feb/2025;EUR;6.12;9’918’135.00;60’708’852.58;123.03;122.35
31/Jan/2025;EUR;6.18;9’918’135.00;61’278’074.81;124.19;123.50
30/Jan/2025;EUR;6.17;9’918’135.00;61’190’526.35;124.01;123.32
29/Jan/2025;EUR;6.12;9’918’135.00;60’697’618.86;123.01;122.34
28/Jan/2025;EUR;6.09;7’518’135.00;45’782’121.52;122.40;121.73
27/Jan/2025;EUR;6.07;7’323’345.00;44’481’059.73;122.08;121.41
24/Jan/2025;EUR;6.08;7’323’345.00;44’539’216.75;122.24;121.57
23/Jan/2025;EUR;6.08;7’235’246.00;43’984’109.98;122.19;121.52
22/Jan/2025;EUR;6.06;7’235’246.00;43’851’496.35;121.82;121.14
21/Jan/2025;EUR;6.03;7’235’246.00;43’644’223.33;121.25;120.57
20/Jan/2025;EUR;6.00;4’235’246.00;25’424’940.55;120.66;119.98
17/Jan/2025;EUR;6.01;4’235’246.00;25’438’253.79;120.73;120.05
16/Jan/2025;EUR;5.97;4’235’246.00;25’265’812.09;119.91;119.24
15/Jan/2025;EUR;5.91;4’235’246.00;25’032’547.22;118.80;118.12
14/Jan/2025;EUR;5.83;4’235’246.00;24’670’380.81;117.08;116.42
13/Jan/2025;EUR;5.83;4’235’246.00;24’699’453.93;117.22;116.56
10/Jan/2025;EUR;5.87;4’235’246.00;24’868’703.30;118.02;117.36
09/Jan/2025;EUR;5.94;4’235’246.00;25’139’309.94;119.31;118.64
08/Jan/2025;EUR;5.91;4’235’246.00;25’016’026.14;118.72;118.06
07/Jan/2025;EUR;5.92;4’235’246.00;25’092’182.02;119.08;118.41
06/Jan/2025;EUR;5.91;4’235’246.00;25’025’754.91;118.77;118.09
03/Jan/2025;EUR;5.85;4’235’246.00;24’789’189.06;117.65;116.97
02/Jan/2025;EUR;5.88;4’235’246.00;24’924’159.06;118.29;117.62
31/Dec/2024;EUR;5.85;4’235’246.00;24’791’949.03;117.66;117.00
30/Dec/2024;EUR;5.82;4’216’286.00;24’554’486.28;117.06;116.39
27/Dec/2024;EUR;5.86;4’216’286.00;24’690’232.63;117.70;117.04
24/Dec/2024;EUR;5.82;4’216’286.00;24’535’213.55;116.96;116.30
23/Dec/2024;EUR;5.81;4’216’286.00;24’500’394.56;116.80;116.13
20/Dec/2024;EUR;5.80;4’216’286.00;24’446’253.58;116.54;115.87
19/Dec/2024;EUR;5.85;4’216’286.00;24’656’031.50;117.54;116.88
18/Dec/2024;EUR;5.94;4’216’286.00;25’059’403.30;119.46;118.79
17/Dec/2024;EUR;5.94;4’216’286.00;25’042’490.62;119.38;118.70
16/Dec/2024;EUR;5.96;4’216’286.00;25’114’606.97;119.73;119.04
13/Dec/2024;EUR;5.96;4’216’286.00;25’125’023.42;119.78;119.10
12/Dec/2024;EUR;5.99;4’197’886.00;25’164’125.93;120.49;119.80
11/Dec/2024;EUR;6.01;4’197’886.00;25’219’926.15;120.76;120.07
10/Dec/2024;EUR;5.99;4’197’886.00;25’158’150.34;120.46;119.77
09/Dec/2024;EUR;6.02;4’197’886.00;25’289’848.45;121.09;120.41
06/Dec/2024;EUR;6.03;4’197’886.00;25’302’069.20;121.15;120.46
05/Dec/2024;EUR;6.01;4’197’886.00;25’236’697.40;120.84;120.15
04/Dec/2024;EUR;5.99;4’197’886.00;25’132’626.41;120.34;119.65
03/Dec/2024;EUR;5.96;4’197’886.00;25’040’091.98;119.89;119.21
02/Dec/2024;EUR;5.95;4’151’797.00;24’689’753.05;119.53;118.84
29/Nov/2024;EUR;5.91;4’151’797.00;24’526’195.06;118.74;118.06
28/Nov/2024;EUR;5.87;4’151’797.00;24’384’861.69;118.05;117.38
27/Nov/2024;EUR;5.85;4’151’797.00;24’295’322.41;117.62;116.95
26/Nov/2024;EUR;5.87;4’151’797.00;24’350’796.91;117.89;117.22
25/Nov/2024;EUR;5.90;4’022’836.00;23’737’041.99;118.60;117.91
22/Nov/2024;EUR;5.89;3’943’308.00;23’219’175.91;118.35;117.67
21/Nov/2024;EUR;5.81;3’943’308.00;22’900’998.24;116.73;116.05
20/Nov/2024;EUR;5.78;3’943’308.00;22’789’853.48;116.17;115.49
19/Nov/2024;EUR;5.78;3’943’308.00;22’801’195.49;116.22;115.55
18/Nov/2024;EUR;5.80;3’943’308.00;22’883’522.59;116.64;115.96
15/Nov/2024;EUR;5.82;3’924’298.00;22’819’946.08;116.88;116.22
14/Nov/2024;EUR;5.86;3’924’298.00;23’002’697.73;117.82;117.15
13/Nov/2024;EUR;5.79;3’924’298.00;22’734’762.85;116.45;115.78
12/Nov/2024;EUR;5.80;3’894’108.00;22’602’218.77;116.66;116.00
11/Nov/2024;EUR;5.92;3’894’108.00;23’047’370.95;118.96;118.28
08/Nov/2024;EUR;5.85;3’894’108.00;22’790’479.24;117.64;116.96
07/Nov/2024;EUR;5.88;3’894’108.00;22’883’392.83;118.12;117.44
06/Nov/2024;EUR;5.84;3’894’108.00;22’758’900.02;117.47;116.80
05/Nov/2024;EUR;5.88;3’894’108.00;22’913’931.61;118.27;117.59
04/Nov/2024;EUR;5.89;3’894’108.00;22’931’281.24;118.36;117.68
01/Nov/2024;EUR;5.91;3’876’369.00;22’922’201.25;118.86;118.17
31/Oct/2024;EUR;5.85;3’876’369.00;22’686’381.64;117.63;116.96
30/Oct/2024;EUR;5.93;3’799’909.00;22’551’431.46;119.29;118.59
29/Oct/2024;EUR;6.01;3’780’759.00;22’731’563.04;120.85;120.15
28/Oct/2024;EUR;6.05;3’780’759.00;22’872’441.53;121.60;120.89
25/Oct/2024;EUR;6.02;3’780’759.00;22’742’652.25;120.91;120.21
24/Oct/2024;EUR;6.02;3’780’759.00;22’771’307.27;121.06;120.36
23/Oct/2024;EUR;6.03;3’780’759.00;22’789’423.26;121.16;120.46
22/Oct/2024;EUR;6.04;3’780’759.00;22’840’667.00;121.43;120.73
21/Oct/2024;EUR;6.07;3’780’759.00;22’930’343.52;121.91;121.20
18/Oct/2024;EUR;6.11;3’763’979.00;23’011’238.00;122.88;122.17
17/Oct/2024;EUR;6.10;3’763’979.00;22’975’104.26;122.69;121.98
16/Oct/2024;EUR;6.06;3’763’979.00;22’791’121.29;121.71;121.00
15/Oct/2024;EUR;6.06;3’763’979.00;22’822’535.67;121.87;121.17
14/Oct/2024;EUR;6.10;3’763’979.00;22’968’550.52;122.65;121.95
11/Oct/2024;EUR;6.07;3’763’979.00;22’850’117.44;122.02;121.33
10/Oct/2024;EUR;6.03;3’763’979.00;22’710’714.37;121.28;120.59
09/Oct/2024;EUR;6.05;3’763’979.00;22’763’822.89;121.56;120.88
08/Oct/2024;EUR;6.01;3’763’979.00;22’603’590.20;120.70;120.03
07/Oct/2024;EUR;6.02;3’763’979.00;22’677’243.77;121.10;120.42
04/Oct/2024;EUR;6.02;3’763’979.00;22’658’404.55;121.00;120.31
03/Oct/2024;EUR;6.00;3’763’979.00;22’587’572.39;120.62;119.94
02/Oct/2024;EUR;6.06;3’763’979.00;22’806’891.19;121.79;121.10
01/Oct/2024;EUR;6.07;3’763’979.00;22’832’947.69;121.93;121.24
30/Sept/2024;EUR;6.09;3’763’979.00;22’934’058.41;122.47;121.78
27/Sept/2024;EUR;6.15;3’763’979.00;23’160’224.58;123.68;122.98
26/Sept/2024;EUR;6.13;3’763’979.00;23’065’246.13;123.17;122.47
25/Sept/2024;EUR;6.04;3’763’979.00;22’737’996.45;121.42;120.73
24/Sept/2024;EUR;6.04;3’736’060.00;22’566’634.19;121.41;120.71
23/Sept/2024;EUR;6.01;3’736’060.00;22’436’105.15;120.71;120.00
20/Sept/2024;EUR;5.98;3’736’060.00;22’332’741.99;120.15;119.45
19/Sept/2024;EUR;6.06;3’704’030.00;22’440’274.80;121.77;121.06
18/Sept/2024;EUR;5.98;3’704’030.00;22’142’561.00;120.16;119.45
17/Sept/2024;EUR;6.01;3’676’741.00;22’113’756.39;120.89;120.18
16/Sept/2024;EUR;5.99;3’676’741.00;22’033’414.40;120.45;119.75
13/Sept/2024;EUR;6.00;3’676’741.00;22’059’833.00;120.60;119.89
12/Sept/2024;EUR;5.96;3’676’741.00;21’912’956.90;119.79;119.10
11/Sept/2024;EUR;5.92;3’676’741.00;21’757’508.50;118.94;118.25
10/Sept/2024;EUR;5.91;3’374’619.00;19’957’606.94;118.87;118.19
09/Sept/2024;EUR;5.94;3’357’230.00;19’939’347.35;119.38;118.69
06/Sept/2024;EUR;5.89;3’357’230.00;19’769’665.29;118.36;117.68
05/Sept/2024;EUR;5.94;3’357’230.00;19’944’181.02;119.41;118.72
04/Sept/2024;EUR;5.97;3’357’230.00;20’053’232.46;120.06;119.37
03/Sept/2024;EUR;6.03;3’357’230.00;20’249’364.53;121.23;120.54
02/Sept/2024;EUR;6.08;3’357’230.00;20’416’115.10;122.23;121.54
30/Aug/2024;EUR;6.08;3’323’840.00;20’203’526.85;122.17;121.48
29/Aug/2024;EUR;6.06;3’323’840.00;20’153’010.31;121.87;121.17
28/Aug/2024;EUR;6.02;3’323’840.00;20’006’863.50;120.99;120.29
27/Aug/2024;EUR;6.00;3’323’840.00;19’930’243.01;120.52;119.83
23/Aug/2024;EUR;5.99;3’323’840.00;19’922’638.97;120.48;119.79
22/Aug/2024;EUR;5.96;3’323’840.00;19’825’475.89;119.89;119.21
21/Aug/2024;EUR;5.94;3’323’840.00;19’746’739.46;119.41;118.74
20/Aug/2024;EUR;5.92;3’323’840.00;19’690’833.26;119.07;118.40
19/Aug/2024;EUR;5.94;3’323’840.00;19’747’341.20;119.42;118.74
16/Aug/2024;EUR;5.91;3’323’840.00;19’627’655.42;118.69;118.02
15/Aug/2024;EUR;5.89;3’323’840.00;19’585’906.74;118.44;117.77
14/Aug/2024;EUR;5.82;3’323’840.00;19’357’653.57;117.06;116.39
13/Aug/2024;EUR;5.79;3’323’840.00;19’241’894.68;116.36;115.69
12/Aug/2024;EUR;5.75;3’323’840.00;19’107’290.48;115.55;114.88
09/Aug/2024;EUR;5.76;3’323’840.00;19’139’585.90;115.74;115.08
08/Aug/2024;EUR;5.72;3’323’840.00;19’014’185.24;--;--
07/Aug/2024;EUR;5.71;3’297’510.00;18’841’525.85;114.85;114.18
06/Aug/2024;EUR;5.63;3’297’510.00;18’568’102.63;113.18;112.52
05/Aug/2024;EUR;5.62;3’297’510.00;18’515’530.33;112.86;112.20
02/Aug/2024;EUR;5.74;3’297’510.00;18’917’930.17;115.31;114.65
01/Aug/2024;EUR;5.89;3’272’460.00;19’272’905.15;118.38;117.70
31/Jul/2024;EUR;5.95;3’272’460.00;19’473’453.41;119.61;118.92
30/Jul/2024;EUR;5.91;3’272’460.00;19’327’228.72;118.71;118.03
29/Jul/2024;EUR;5.88;3’250’790.00;19’121’789.42;118.23;117.55
26/Jul/2024;EUR;5.89;3’250’790.00;19’144’458.69;118.37;117.68
25/Jul/2024;EUR;5.84;3’250’790.00;18’980’117.15;117.36;116.67
24/Jul/2024;EUR;5.87;3’250’790.00;19’091’642.22;118.05;117.35
23/Jul/2024;EUR;5.91;3’232’680.00;19’098’993.82;118.75;118.06
22/Jul/2024;EUR;5.89;3’232’680.00;19’055’869.03;118.48;117.79
19/Jul/2024;EUR;5.84;3’209’960.00;18’734’403.25;117.31;116.62
18/Jul/2024;EUR;5.88;3’209’960.00;18’865’044.74;118.13;117.43
17/Jul/2024;EUR;5.90;3’209’960.00;18’948’917.12;118.65;117.95
16/Jul/2024;EUR;5.94;3’187’050.00;18’940’248.18;119.45;118.75
15/Jul/2024;EUR;5.96;3’187’050.00;18’981’696.94;119.71;119.01
12/Jul/2024;EUR;6.02;3’153’590.00;18’981’146.75;120.98;120.28
11/Jul/2024;EUR;5.97;3’136’170.00;18’712’357.17;119.93;119.23
10/Jul/2024;EUR;5.92;3’109’560.00;18’408’911.15;118.99;118.29
09/Jul/2024;EUR;5.86;3’091’330.00;18’121’199.34;117.82;117.13
08/Jul/2024;EUR;5.91;4’091’330.00;24’199’869.55;118.89;118.19
05/Jul/2024;EUR;5.91;4’091’330.00;24’199’113.11;118.89;118.19
04/Jul/2024;EUR;5.92;4’091’330.00;24’220’359.68;118.99;118.29
03/Jul/2024;EUR;5.89;4’091’330.00;24’099’730.63;118.40;117.69
02/Jul/2024;EUR;5.85;4’091’330.00;23’926’992.74;117.55;116.85
01/Jul/2024;EUR;5.88;4’091’330.00;24’049’049.99;118.15;117.44
28/Jun/2024;EUR;5.87;4’091’330.00;23’997’059.86;117.89;117.20
27/Jun/2024;EUR;5.88;4’091’330.00;24’069’455.74;118.25;117.55
26/Jun/2024;EUR;5.91;4’091’330.00;24’196’576.44;118.87;118.17
25/Jun/2024;EUR;5.94;4’091’330.00;24’313’068.34;119.45;118.74
24/Jun/2024;EUR;5.95;4’091’330.00;24’353’573.41;119.64;118.94
21/Jun/2024;EUR;5.92;4’091’330.00;24’203’939.31;118.91;118.22
20/Jun/2024;EUR;5.96;4’091’330.00;24’377’461.55;119.76;119.07
19/Jun/2024;EUR;5.90;4’091’330.00;24’125’245.01;118.52;117.84
18/Jun/2024;EUR;5.91;4’091’330.00;24’199’675.01;118.89;118.20
17/Jun/2024;EUR;5.87;4’091’330.00;24’014’017.58;117.98;117.29
14/Jun/2024;EUR;5.87;4’091’330.00;24’022’495.41;118.02;117.33
13/Jun/2024;EUR;5.93;4’091’330.00;24’244’717.88;119.11;118.42
12/Jun/2024;EUR;6.00;5’091’330.00;30’552’561.23;120.62;119.91
11/Jun/2024;EUR;5.92;4’762’455.00;28’193’658.41;118.99;118.30
10/Jun/2024;EUR;5.98;4’762’455.00;28’456’187.44;120.10;119.40
07/Jun/2024;EUR;5.99;4’762’455.00;28’535’562.85;120.43;119.74
06/Jun/2024;EUR;6.01;4’762’455.00;28’615’781.73;120.77;120.07
05/Jun/2024;EUR;5.97;4’762’455.00;28’428’265.49;119.98;119.28
04/Jun/2024;EUR;5.91;4’762’455.00;28’159’624.42;118.85;118.15
03/Jun/2024;EUR;5.93;4’762’455.00;28’224’214.93;119.12;118.42
31/May/2024;EUR;5.90;4’762’455.00;28’113’569.83;118.65;117.95
30/May/2024;EUR;5.89;4’762’455.00;28’046’234.91;118.37;117.67
29/May/2024;EUR;5.86;4’762’455.00;27’891’924.77;117.72;117.03
28/May/2024;EUR;5.92;4’762’455.00;28’199’453.45;119.02;118.32
24/May/2024;EUR;5.93;4’762’455.00;28’263’946.54;119.29;118.61
23/May/2024;EUR;5.95;4’762’455.00;28’321’192.69;119.53;118.84
22/May/2024;EUR;5.94;4’762’455.00;28’287’560.83;119.39;118.69
21/May/2024;EUR;5.95;4’762’455.00;28’353’714.27;119.67;118.98
20/May/2024;EUR;5.96;4’762’455.00;28’368’015.70;119.73;119.04
17/May/2024;EUR;5.94;4’762’455.00;28’287’092.64;119.39;118.72
16/May/2024;EUR;5.96;4’762’455.00;28’386’542.92;119.81;119.13
15/May/2024;EUR;5.96;4’762’455.00;28’403’002.05;119.87;119.20
14/May/2024;EUR;5.92;4’762’455.00;28’182’883.78;118.95;118.27
13/May/2024;EUR;5.91;4’762’455.00;28’128’154.02;118.71;118.04
10/May/2024;EUR;5.90;4’762’455.00;28’094’778.86;118.57;117.92
09/May/2024;EUR;5.85;4’762’455.00;27’860’374.82;117.58;116.93
08/May/2024;EUR;5.83;4’762’455.00;27’784’634.00;117.26;116.63
07/May/2024;EUR;5.80;4’762’455.00;27’645’602.27;116.68;116.03
03/May/2024;EUR;5.70;4’762’455.00;27’146’026.77;114.57;113.95
02/May/2024;EUR;5.66;4’762’455.00;26’946’214.89;113.73;113.11
01/May/2024;EUR;5.66;4’762’455.00;26’970’346.05;113.83;113.21
30/Apr/2024;EUR;5.67;4’762’455.00;27’003’952.55;113.97;113.36
29/Apr/2024;EUR;5.70;4’762’455.00;27’122’802.73;114.47;113.88
26/Apr/2024;EUR;5.69;4’762’455.00;27’098’539.13;114.37;113.79
25/Apr/2024;EUR;5.61;4’762’455.00;26’732’261.76;112.82;112.27
24/Apr/2024;EUR;5.65;1’762’455.00;9’963’860.67;113.63;113.09
23/Apr/2024;EUR;5.68;1’762’455.00;10’013’948.62;114.20;113.65
22/Apr/2024;EUR;5.62;1’762’455.00;9’896’518.95;112.86;112.33
19/Apr/2024;EUR;5.58;1’762’455.00;9’834’027.28;112.15;111.64
18/Apr/2024;EUR;5.58;1’762’455.00;9’840’241.40;112.22;111.71
17/Apr/2024;EUR;5.56;1’815’619.00;10’101’087.18;111.82;111.31
16/Apr/2024;EUR;5.57;1’815’619.00;10’108’694.58;111.91;111.40
15/Apr/2024;EUR;5.64;1’815’619.00;10’245’041.21;113.42;112.91
12/Apr/2024;EUR;5.63;1’815’619.00;10’223’610.74;113.18;112.67
11/Apr/2024;EUR;5.62;1’815’619.00;10’210’145.53;113.03;112.52
10/Apr/2024;EUR;5.64;1’815’619.00;10’231’607.13;113.27;112.76
09/Apr/2024;EUR;5.63;1’815’619.00;10’228’592.13;113.24;112.72
08/Apr/2024;EUR;5.66;1’815’619.00;10’280’772.91;113.81;113.30
05/Apr/2024;EUR;5.64;1’815’619.00;10’238’744.98;113.35;112.83
04/Apr/2024;EUR;5.69;1’815’619.00;10’328’623.92;114.34;113.82
03/Apr/2024;EUR;5.68;1’815’619.00;10’320’326.24;114.25;113.73
02/Apr/2024;EUR;5.67;1’815’619.00;10’300’255.00;114.03;113.51
29/Mar/2024;EUR;5.74;--;--;--;114.83
28/Mar/2024;EUR;5.74;1’765’619.00;10’132’997.70;115.35;114.83
27/Mar/2024;EUR;5.73;1’765’619.00;10’122’990.34;115.24;114.73
26/Mar/2024;EUR;5.72;1’765’619.00;10’107’322.38;115.06;114.57
25/Mar/2024;EUR;5.71;1’765’619.00;10’088’334.64;114.85;114.35
22/Mar/2024;EUR;5.72;1’765’619.00;10’102’740.51;115.01;114.51
21/Mar/2024;EUR;5.72;1’765’619.00;10’095’461.00;114.93;114.46
20/Mar/2024;EUR;5.66;1’765’619.00;9’999’208.61;113.83;113.37
19/Mar/2024;EUR;5.65;1’765’619.00;9’982’182.78;113.64;113.18
18/Mar/2024;EUR;5.66;1’765’619.00;9’984’958.04;113.67;113.21
15/Mar/2024;EUR;5.67;1’765’619.00;10’002’521.82;113.87;113.40
14/Mar/2024;EUR;5.69;1’765’619.00;10’051’785.44;114.43;113.97
13/Mar/2024;EUR;5.70;1’765’619.00;10’063’386.37;114.56;114.10
12/Mar/2024;EUR;5.70;1’765’619.00;10’059’904.57;114.52;114.06
11/Mar/2024;EUR;5.65;1’765’619.00;9’974’969.17;113.56;113.09
08/Mar/2024;EUR;5.67;1’765’619.00;10’010’399.21;113.96;113.49
07/Mar/2024;EUR;5.67;1’765’619.00;10’006’153.37;113.91;113.44
06/Mar/2024;EUR;5.59;1’765’619.00;9’873’294.36;112.40;111.94
05/Mar/2024;EUR;5.57;1’765’619.00;9’842’333.88;112.05;111.59
04/Mar/2024;EUR;5.59;1’765’619.00;9’872’023.03;112.38;111.92
01/Mar/2024;EUR;5.59;1’765’619.00;9’865’992.40;112.32;111.86
29/Feb/2024;EUR;5.56;1’765’619.00;9’821’952.12;111.81;111.36
28/Feb/2024;EUR;5.55;1’765’619.00;9’807’048.15;111.64;111.19
27/Feb/2024;EUR;5.58;1’765’619.00;9’846’059.14;112.09;111.63
26/Feb/2024;EUR;5.57;1’765’619.00;9’829’817.29;111.90;111.45
23/Feb/2024;EUR;5.59;1’765’619.00;9’861’833.22;112.27;111.81
22/Feb/2024;EUR;5.57;1’765’619.00;9’829’782.96;111.90;111.44
21/Feb/2024;EUR;5.52;1’765’619.00;9’737’630.06;110.85;110.39
20/Feb/2024;EUR;5.53;1’765’619.00;9’758’092.73;111.09;110.62
19/Feb/2024;EUR;5.53;1’765’619.00;9’757’825.13;111.08;110.62
16/Feb/2024;EUR;5.52;1’765’619.00;9’742’218.51;110.91;110.44
15/Feb/2024;EUR;5.48;1’765’619.00;9’682’108.21;110.22;109.75
14/Feb/2024;EUR;5.44;1’765’619.00;9’600’376.98;109.29;108.82
13/Feb/2024;EUR;5.41;1’765’619.00;9’543’962.08;108.65;108.18
12/Feb/2024;EUR;5.47;1’765’619.00;9’650’008.31;109.86;109.38
09/Feb/2024;EUR;5.44;1’765’619.00;9’602’305.55;109.31;108.83
08/Feb/2024;EUR;5.44;1’765’619.00;9’606’641.93;109.36;108.88
07/Feb/2024;EUR;5.46;1’765’619.00;9’631’603.55;109.65;109.17
06/Feb/2024;EUR;5.46;1’765’619.00;9’631’878.45;109.65;109.17
05/Feb/2024;EUR;5.43;1’765’619.00;9’588’138.82;109.15;108.68
02/Feb/2024;EUR;5.43;1’765’619.00;9’593’640.49;109.21;108.74
01/Feb/2024;EUR;5.43;1’765’619.00;9’593’565.28;109.21;108.74
31/Jan/2024;EUR;5.46;1’765’619.00;9’639’478.82;109.74;109.26
30/Jan/2024;EUR;5.46;1’765’619.00;9’633’526.75;109.67;109.19
29/Jan/2024;EUR;5.45;1’765’619.00;9’619’467.46;109.51;109.03
26/Jan/2024;EUR;5.44;1’765’619.00;9’612’147.13;109.43;108.94
25/Jan/2024;EUR;5.39;1’765’619.00;9’508’495.08;108.25;107.76
24/Jan/2024;EUR;5.37;1’765’619.00;9’473’480.54;107.85;107.37
23/Jan/2024;EUR;5.30;1’765’619.00;9’366’517.54;106.63;106.15
22/Jan/2024;EUR;5.33;1’765’619.00;9’405’550.42;107.07;106.60
19/Jan/2024;EUR;5.27;1’765’619.00;9’312’444.17;106.01;105.54
18/Jan/2024;EUR;5.29;1’765’619.00;9’335’462.46;106.28;105.80
17/Jan/2024;EUR;5.26;1’765’619.00;9’284’085.12;105.69;105.21
16/Jan/2024;EUR;5.32;1’765’619.00;9’391’571.37;106.91;106.43
15/Jan/2024;EUR;5.33;1’765’619.00;9’417’119.88;107.21;106.72
12/Jan/2024;EUR;5.36;1’765’619.00;9’470’067.83;107.81;107.31
11/Jan/2024;EUR;5.32;1’765’619.00;9’384’393.38;106.83;106.34
10/Jan/2024;EUR;5.35;1’765’619.00;9’449’613.79;107.58;107.07
09/Jan/2024;EUR;5.35;1’765’619.00;9’453’458.29;107.62;107.12
08/Jan/2024;EUR;5.36;1’765’619.00;9’467’848.99;107.78;107.28
05/Jan/2024;EUR;5.33;1’765’619.00;9’417’292.86;107.21;106.70
04/Jan/2024;EUR;5.36;1’765’619.00;9’455’803.12;107.65;107.14
03/Jan/2024;EUR;5.32;1’765’619.00;9’389’246.68;106.89;106.38
02/Jan/2024;EUR;5.38;1’765’619.00;9’490’304.14;108.04;107.52
29/Dec/2023;EUR;5.40;1’765’619.00;9’529’923.86;108.49;107.97
28/Dec/2023;EUR;5.39;1’765’619.00;9’514’698.84;108.32;107.80
27/Dec/2023;EUR;5.39;1’765’619.00;9’519’130.58;108.37;107.85
22/Dec/2023;EUR;5.38;1’765’619.00;9’493’025.02;108.07;107.55
21/Dec/2023;EUR;5.37;1’765’619.00;9’482’429.97;107.95;107.43
20/Dec/2023;EUR;5.38;1’765’619.00;9’501’693.88;108.17;107.65
19/Dec/2023;EUR;5.37;1’765’619.00;9’481’849.05;107.94;107.42
18/Dec/2023;EUR;5.35;1’765’619.00;9’439’657.90;107.46;106.95
15/Dec/2023;EUR;5.37;1’765’619.00;9’481’520.59;107.94;107.42
14/Dec/2023;EUR;5.37;1’765’619.00;9’473’279.91;107.84;107.33
13/Dec/2023;EUR;5.31;1’765’619.00;9’370’257.06;106.67;106.16
12/Dec/2023;EUR;5.30;1’765’619.00;9’361’615.91;106.57;106.06
11/Dec/2023;EUR;5.31;1’765’619.00;9’377’432.47;106.75;106.24
08/Dec/2023;EUR;5.29;1’765’619.00;9’345’536.21;106.39;105.88
07/Dec/2023;EUR;5.25;1’765’619.00;9’271’305.69;105.55;105.03
06/Dec/2023;EUR;5.26;1’765’619.00;9’289’033.33;105.75;105.23
05/Dec/2023;EUR;5.23;1’765’619.00;9’229’405.03;105.07;104.56
04/Dec/2023;EUR;5.20;1’765’619.00;9’187’623.13;104.59;104.09
01/Dec/2023;EUR;5.20;1’765’619.00;9’186’697.62;104.58;104.09
30/Nov/2023;EUR;5.15;1’765’619.00;9’095’263.73;103.54;103.05
29/Nov/2023;EUR;5.11;1’765’619.00;9’030’072.00;102.80;102.31
28/Nov/2023;EUR;5.08;765’619.00;3’890’979.62;102.15;101.67
27/Nov/2023;EUR;5.10;765’619.00;3’906’852.82;102.57;102.08
24/Nov/2023;EUR;5.11;765’619.00;3’915’852.50;102.80;102.32
23/Nov/2023;EUR;5.10;765’619.00;3’905’467.49;102.53;102.05
22/Nov/2023;EUR;5.09;765’619.00;3’897’012.67;102.31;101.83
21/Nov/2023;EUR;5.07;765’619.00;3’880’117.59;101.87;101.38
20/Nov/2023;EUR;5.07;765’619.00;3’884’675.30;101.99;101.50
17/Nov/2023;EUR;5.07;765’619.00;3’881’207.62;101.89;101.43
16/Nov/2023;EUR;5.02;765’619.00;3’843’649.62;100.91;100.45
15/Nov/2023;EUR;5.04;765’619.00;3’862’048.67;101.39;100.92
14/Nov/2023;EUR;5.02;765’619.00;3’844’299.30;100.93;100.46
13/Nov/2023;EUR;4.94;765’619.00;3’780’534.08;99.25;98.80
10/Nov/2023;EUR;4.91;765’619.00;3’758’323.24;98.67;98.22
09/Nov/2023;EUR;4.97;765’619.00;3’803’231.79;99.85;99.40
08/Nov/2023;EUR;4.92;765’619.00;3’768’147.03;98.93;98.48
07/Nov/2023;EUR;4.90;765’619.00;3’752’288.04;98.51;98.07
06/Nov/2023;EUR;4.90;765’619.00;3’751’511.26;98.49;98.05
03/Nov/2023;EUR;4.91;765’619.00;3’762’702.12;98.78;98.33
02/Nov/2023;EUR;4.89;765’619.00;3’744’733.97;98.31;97.87
01/Nov/2023;EUR;4.82;765’619.00;3’687’079.04;96.80;96.37
31/Oct/2023;EUR;4.79;765’619.00;3’664’778.58;96.21;95.78
30/Oct/2023;EUR;4.75;765’619.00;3’634’331.34;95.41;95.00
27/Oct/2023;EUR;4.73;765’619.00;3’619’942.72;95.03;94.62
26/Oct/2023;EUR;4.77;765’619.00;3’651’483.24;95.86;95.46
25/Oct/2023;EUR;4.79;765’619.00;3’669’212.54;96.33;95.93
24/Oct/2023;EUR;4.79;765’619.00;3’668’677.10;96.31;95.92
23/Oct/2023;EUR;4.77;765’619.00;3’650’055.78;95.83;95.43
20/Oct/2023;EUR;4.77;765’619.00;3’652’390.02;95.89;95.49
19/Oct/2023;EUR;4.84;765’619.00;3’701’909.88;97.19;96.78
18/Oct/2023;EUR;4.89;765’619.00;3’743’555.04;98.28;97.86
17/Oct/2023;EUR;4.95;765’619.00;3’792’338.42;99.56;99.14
16/Oct/2023;EUR;4.96;765’619.00;3’799’644.28;99.75;99.34
13/Oct/2023;EUR;4.96;765’619.00;3’794’590.27;99.62;99.21
12/Oct/2023;EUR;5.01;765’619.00;3’837’496.02;100.75;100.33
11/Oct/2023;EUR;5.01;765’619.00;3’833’944.61;100.65;100.23
10/Oct/2023;EUR;5.00;765’619.00;3’826’752.04;100.46;100.05
09/Oct/2023;EUR;4.90;765’619.00;3’752’714.76;98.52;98.11
06/Oct/2023;EUR;4.93;765’619.00;3’771’984.85;99.03;98.62
05/Oct/2023;EUR;4.88;765’619.00;3’734’682.50;98.05;97.64
04/Oct/2023;EUR;4.87;765’619.00;3’727’879.26;97.87;97.46
03/Oct/2023;EUR;4.87;765’619.00;3’726’682.94;97.84;97.43
02/Oct/2023;EUR;4.92;765’619.00;3’770’559.97;98.99;98.56
29/Sept/2023;EUR;4.98;765’619.00;3’810’791.62;100.05;99.61
28/Sept/2023;EUR;4.95;765’619.00;3’789’350.33;99.48;99.04
27/Sept/2023;EUR;4.93;765’619.00;3’777’300.94;99.17;98.72
26/Sept/2023;EUR;4.95;765’619.00;3’788’618.24;99.46;99.02
25/Sept/2023;EUR;4.98;765’619.00;3’811’244.90;100.06;99.60
22/Sept/2023;EUR;5.01;765’619.00;3’836’724.34;100.73;100.27
21/Sept/2023;EUR;5.03;765’619.00;3’849’726.47;101.07;100.62
20/Sept/2023;EUR;5.10;765’619.00;3’906’348.62;102.55;102.10
19/Sept/2023;EUR;5.05;765’619.00;3’865’727.10;101.49;101.04
18/Sept/2023;EUR;5.06;784’814.00;3’971’242.55;101.71;101.26
15/Sept/2023;EUR;5.12;784’814.00;4’017’837.01;102.90;102.45
14/Sept/2023;EUR;5.11;928’779.00;4’743’790.11;102.66;102.20
13/Sept/2023;EUR;5.03;1’024’756.00;5’155’350.59;101.12;100.67
12/Sept/2023;EUR;5.05;1’024’756.00;5’173’746.44;101.48;101.03
11/Sept/2023;EUR;5.06;1’024’756.00;5’189’348.74;101.79;101.34
08/Sept/2023;EUR;5.05;1’024’756.00;5’179’257.38;101.59;101.14
07/Sept/2023;EUR;5.05;1’024’756.00;5’170’093.90;101.41;100.97
06/Sept/2023;EUR;5.05;1’024’756.00;5’174’006.83;101.48;101.05
05/Sept/2023;EUR;5.07;1’024’756.00;5’198’497.29;101.97;101.52
04/Sept/2023;EUR;5.09;1’024’756.00;5’211’241.35;102.22;101.77
01/Sept/2023;EUR;5.09;1’024’756.00;5’214’236.18;102.27;101.82
31/Aug/2023;EUR;5.09;1’024’756.00;5’218’398.68;102.36;101.90
30/Aug/2023;EUR;5.11;1’024’756.00;5’232’559.19;102.63;102.18
29/Aug/2023;EUR;5.12;1’024’756.00;5’243’109.80;102.84;102.37
25/Aug/2023;EUR;5.01;1’024’756.00;5’138’055.22;100.78;100.32
24/Aug/2023;EUR;5.02;1’024’756.00;5’142’459.05;100.87;100.41
23/Aug/2023;EUR;5.04;1’024’756.00;5’162’740.06;101.26;100.80
22/Aug/2023;EUR;5.01;1’024’756.00;5’129’516.26;100.61;100.15
21/Aug/2023;EUR;4.97;1’024’756.00;5’090’120.55;99.84;99.39
18/Aug/2023;EUR;4.97;1’024’756.00;5’094’832.47;99.93;99.48
17/Aug/2023;EUR;5.00;1’024’756.00;5’126’731.10;100.56;100.11
16/Aug/2023;EUR;5.06;1’099’756.00;5’562’113.88;101.66;101.20
15/Aug/2023;EUR;5.06;1’531’654.00;7’752’878.34;101.74;101.29
14/Aug/2023;EUR;5.11;1’531’654.00;7’824’501.95;102.68;102.23
11/Aug/2023;EUR;5.10;1’531’654.00;7’811’769.50;102.51;102.06
10/Aug/2023;EUR;5.16;1’531’654.00;7’900’060.95;103.67;103.22
09/Aug/2023;EUR;5.11;1’531’654.00;7’834’094.60;102.81;102.35
08/Aug/2023;EUR;5.10;1’531’654.00;7’809’269.56;102.48;102.03
07/Aug/2023;EUR;5.10;1’531’654.00;7’807’127.19;102.45;102.01
04/Aug/2023;EUR;5.09;1’531’654.00;7’799’898.42;102.36;101.91
03/Aug/2023;EUR;5.08;1’531’654.00;7’778’434.30;102.08;101.62
02/Aug/2023;EUR;5.12;1’531’654.00;7’836’539.98;102.84;102.38
01/Aug/2023;EUR;5.19;1’531’654.00;7’944’828.88;104.26;103.79
31/Jul/2023;EUR;5.23;1’531’654.00;8’015’272.83;105.18;104.70
28/Jul/2023;EUR;5.23;1’531’654.00;8’008’551.42;105.10;104.62
27/Jul/2023;EUR;5.25;531’654.00;2’790’666.04;105.51;105.02
26/Jul/2023;EUR;5.18;738’006.00;3’819’267.41;104.02;103.54
25/Jul/2023;EUR;5.21;738’006.00;3’841’828.30;104.63;104.15
24/Jul/2023;EUR;5.18;738’006.00;3’822’058.83;104.10;103.62
21/Jul/2023;EUR;5.18;738’006.00;3’821’833.07;104.09;103.61
20/Jul/2023;EUR;5.16;738’006.00;3’805’859.75;103.65;103.18
19/Jul/2023;EUR;5.14;738’006.00;3’791’105.57;103.25;102.78
18/Jul/2023;EUR;5.12;738’006.00;3’781’233.28;102.98;102.50
17/Jul/2023;EUR;5.09;738’006.00;3’759’637.25;102.40;101.91
14/Jul/2023;EUR;5.13;738’006.00;3’784’693.74;103.08;102.60
13/Jul/2023;EUR;5.13;738’006.00;3’783’232.07;103.04;102.55
12/Jul/2023;EUR;5.09;738’006.00;3’759’985.51;102.40;101.93
11/Jul/2023;EUR;5.02;738’006.00;3’702’731.42;100.85;100.36
10/Jul/2023;EUR;4.98;738’006.00;3’672’090.18;100.01;99.53
07/Jul/2023;EUR;4.97;738’006.00;3’668’340.47;99.91;99.43
06/Jul/2023;EUR;4.97;738’006.00;3’668’101.30;99.90;99.42
05/Jul/2023;EUR;5.09;738’006.00;3’753’645.91;102.23;101.75
04/Jul/2023;EUR;5.12;738’006.00;3’781’478.39;102.99;102.50
03/Jul/2023;EUR;5.11;738’006.00;3’774’280.79;102.79;102.31
30/Jun/2023;EUR;5.14;738’006.00;3’795’552.97;103.37;102.88
29/Jun/2023;EUR;5.08;738’006.00;3’748’815.32;102.10;101.61
28/Jun/2023;EUR;5.08;738’006.00;3’749’430.50;102.12;101.65
27/Jun/2023;EUR;5.04;738’006.00;3’720’408.51;101.33;100.85
26/Jun/2023;EUR;5.03;738’006.00;3’715’855.20;101.20;100.73
23/Jun/2023;EUR;5.04;738’006.00;3’719’188.74;101.29;100.83
22/Jun/2023;EUR;5.06;738’006.00;3’733’016.96;101.67;101.20
21/Jun/2023;EUR;5.08;738’006.00;3’748’029.85;102.08;101.60
20/Jun/2023;EUR;5.12;738’006.00;3’779’244.80;102.93;102.45
19/Jun/2023;EUR;5.15;738’006.00;3’797’675.43;103.43;102.96
16/Jun/2023;EUR;5.21;738’006.00;3’842’029.31;104.64;104.17
15/Jun/2023;EUR;5.18;738’006.00;3’825’877.38;104.20;103.74
14/Jun/2023;EUR;5.20;738’006.00;3’834’323.57;104.43;103.97
13/Jun/2023;EUR;5.18;738’006.00;3’824’711.29;104.17;103.72
12/Jun/2023;EUR;5.16;738’006.00;3’806’302.25;103.67;103.21
09/Jun/2023;EUR;5.14;738’006.00;3’796’408.14;103.40;102.94
08/Jun/2023;EUR;5.15;738’006.00;3’801’928.11;103.55;103.09
07/Jun/2023;EUR;5.15;738’006.00;3’803’590.43;103.59;103.14
06/Jun/2023;EUR;5.17;738’006.00;3’813’825.97;103.87;103.43
05/Jun/2023;EUR;5.15;738’006.00;3’797’324.39;103.42;102.97
02/Jun/2023;EUR;5.17;738’006.00;3’815’229.63;103.91;103.45
01/Jun/2023;EUR;5.10;738’006.00;3’760’183.80;102.41;101.96
31/May/2023;EUR;5.06;738’006.00;3’737’693.18;101.80;101.34
30/May/2023;EUR;5.11;738’006.00;3’771’847.84;102.73;102.27
26/May/2023;EUR;5.15;738’006.00;3’799’122.41;103.47;103.03
25/May/2023;EUR;5.09;738’006.00;3’755’213.14;102.27;101.84
24/May/2023;EUR;5.09;752’403.00;3’832’483.29;102.38;101.95
23/May/2023;EUR;5.19;752’403.00;3’905’834.73;104.34;103.90
22/May/2023;EUR;5.23;752’403.00;3’936’565.77;105.16;104.72
19/May/2023;EUR;5.23;752’403.00;3’932’090.23;105.04;104.61
18/May/2023;EUR;5.19;752’403.00;3’901’546.37;104.23;103.80
17/May/2023;EUR;5.16;752’403.00;3’885’866.79;103.81;103.39
16/May/2023;EUR;5.18;752’403.00;3’895’406.35;104.06;103.65
15/May/2023;EUR;5.20;752’403.00;3’911’355.83;104.49;104.08
12/May/2023;EUR;5.18;752’403.00;3’896’826.44;104.10;103.69
11/May/2023;EUR;5.16;752’403.00;3’880’660.59;103.67;103.27
10/May/2023;EUR;5.14;752’403.00;3’870’252.67;103.39;102.99
09/May/2023;EUR;5.16;752’403.00;3’886’077.37;103.81;103.41
05/May/2023;EUR;5.16;752’403.00;3’881’860.58;103.70;103.34
04/May/2023;EUR;5.11;752’403.00;3’845’790.71;102.74;102.39
03/May/2023;EUR;5.13;752’403.00;3’861’147.27;103.15;102.80
02/May/2023;EUR;5.11;752’403.00;3’842’524.52;102.65;102.31
28/Apr/2023;EUR;5.15;752’403.00;3’876’489.60;103.56;103.22
27/Apr/2023;EUR;5.12;752’403.00;3’853’937.75;102.96;102.62
26/Apr/2023;EUR;5.10;752’403.00;3’838’900.65;102.55;102.22
25/Apr/2023;EUR;5.15;752’403.00;3’876’914.22;103.57;103.26
24/Apr/2023;EUR;5.16;752’403.00;3’881’099.16;103.68;103.39
21/Apr/2023;EUR;5.15;752’403.00;3’875’558.54;103.53;103.25
20/Apr/2023;EUR;5.13;752’403.00;3’856’388.69;103.02;102.73
19/Apr/2023;EUR;5.12;752’403.00;3’853’466.07;102.94;102.65
18/Apr/2023;EUR;5.12;752’403.00;3’855’884.50;103.01;102.72
17/Apr/2023;EUR;5.11;752’403.00;3’843’881.01;102.69;102.40
14/Apr/2023;EUR;5.11;752’403.00;3’843’495.14;102.68;102.39
13/Apr/2023;EUR;5.08;752’403.00;3’823’817.16;102.15;101.87
12/Apr/2023;EUR;5.06;752’403.00;3’806’890.08;101.70;101.42
11/Apr/2023;EUR;5.05;752’403.00;3’799’862.54;101.51;101.24
06/Apr/2023;EUR;5.02;752’403.00;3’778’861.59;100.95;100.68
05/Apr/2023;EUR;5.00;752’403.00;3’760’836.88;100.47;100.19
04/Apr/2023;EUR;5.01;752’403.00;3’766’038.21;100.61;100.35
03/Apr/2023;EUR;5.01;752’403.00;3’767’909.68;100.66;100.40
31/Mar/2023;EUR;5.02;752’403.00;3’780’492.77;100.99;100.73
30/Mar/2023;EUR;4.98;752’403.00;3’750’669.44;100.20;99.95
29/Mar/2023;EUR;4.93;752’403.00;3’706’557.56;99.02;98.78
28/Mar/2023;EUR;4.86;752’403.00;3’656’368.46;97.68;97.44
27/Mar/2023;EUR;4.87;752’403.00;3’665’760.11;97.93;97.70
24/Mar/2023;EUR;4.82;752’403.00;3’629’892.76;96.97;96.75
23/Mar/2023;EUR;4.88;752’403.00;3’674’329.03;98.16;97.95
22/Mar/2023;EUR;4.88;752’403.00;3’672’901.97;98.12;97.92
21/Mar/2023;EUR;4.88;752’403.00;3’668’912.50;98.01;97.81
20/Mar/2023;EUR;4.82;752’403.00;3’628’590.55;96.94;96.73
17/Mar/2023;EUR;4.78;752’403.00;3’593’831.54;96.01;95.80
16/Mar/2023;EUR;4.84;752’403.00;3’638’965.15;97.21;97.00
15/Mar/2023;EUR;4.77;752’403.00;3’587’646.68;95.84;95.63
14/Mar/2023;EUR;4.89;752’403.00;3’677’364.75;98.24;98.02
13/Mar/2023;EUR;4.82;752’403.00;3’623’112.76;96.79;96.58
10/Mar/2023;EUR;4.91;752’403.00;3’694’399.70;98.69;98.48
09/Mar/2023;EUR;4.98;752’403.00;3’746’511.90;100.09;99.87
08/Mar/2023;EUR;4.99;752’403.00;3’751’311.53;100.21;100.00
07/Mar/2023;EUR;4.98;752’403.00;3’748’045.67;100.13;99.91
06/Mar/2023;EUR;5.02;752’403.00;3’776’468.36;100.89;100.67
03/Mar/2023;EUR;5.02;752’403.00;3’777’063.89;100.90;100.69
02/Mar/2023;EUR;4.98;752’403.00;3’745’445.95;100.06;99.85
01/Mar/2023;EUR;4.95;752’403.00;3’727’190.96;99.57;99.36
28/Feb/2023;EUR;4.99;752’403.00;3’756’337.87;100.35;100.14
27/Feb/2023;EUR;5.02;752’403.00;3’773’716.95;100.81;100.61
24/Feb/2023;EUR;4.97;752’403.00;3’736’025.06;99.81;99.60
23/Feb/2023;EUR;5.02;752’403.00;3’776’914.08;100.90;100.69
22/Feb/2023;EUR;5.02;752’403.00;3’777’188.43;100.90;100.70
21/Feb/2023;EUR;5.03;752’403.00;3’786’708.95;101.16;100.95
20/Feb/2023;EUR;5.05;752’403.00;3’797’176.79;101.44;101.23
17/Feb/2023;EUR;5.04;752’403.00;3’794’414.67;101.37;101.16
16/Feb/2023;EUR;5.05;752’403.00;3’799’296.45;101.50;101.29
15/Feb/2023;EUR;5.05;752’403.00;3’799’687.85;101.51;101.30
14/Feb/2023;EUR;5.03;752’403.00;3’782’259.00;101.04;100.84
13/Feb/2023;EUR;5.03;752’403.00;3’783’205.98;101.07;100.87
10/Feb/2023;EUR;4.98;752’403.00;3’746’475.68;100.08;99.88
09/Feb/2023;EUR;5.04;752’403.00;3’789’280.05;101.23;101.03
08/Feb/2023;EUR;5.01;752’403.00;3’766’870.26;100.63;100.43
07/Feb/2023;EUR;5.00;752’403.00;3’763’861.10;100.55;100.36
06/Feb/2023;EUR;5.01;752’403.00;3’766’022.43;100.61;100.41
03/Feb/2023;EUR;5.04;752’403.00;3’794’544.81;101.37;101.18
02/Feb/2023;EUR;5.03;752’403.00;3’784’400.52;101.10;100.91
01/Feb/2023;EUR;4.95;752’403.00;3’721’928.52;99.43;99.24
31/Jan/2023;EUR;4.94;752’403.00;3’720’561.22;99.39;99.20
30/Jan/2023;EUR;4.96;730’883.00;3’626’632.57;99.74;99.54
27/Jan/2023;EUR;4.97;730’883.00;3’632’261.50;99.89;99.69
26/Jan/2023;EUR;4.96;730’883.00;3’627’617.33;99.76;99.57
25/Jan/2023;EUR;4.95;730’883.00;3’614’256.13;99.40;99.21
24/Jan/2023;EUR;4.95;730’883.00;3’620’594.99;99.57;99.38
23/Jan/2023;EUR;4.96;730’883.00;3’626’177.41;99.72;99.53
20/Jan/2023;EUR;4.93;730’883.00;3’603’766.78;99.11;98.91
19/Jan/2023;EUR;4.92;730’883.00;3’593’542.26;98.83;98.64
18/Jan/2023;EUR;5.00;730’883.00;3’652’587.35;100.45;100.26
17/Jan/2023;EUR;4.99;730’883.00;3’646’256.55;100.28;100.08
16/Jan/2023;EUR;4.97;730’883.00;3’631’441.80;99.87;99.68
13/Jan/2023;EUR;4.94;730’883.00;3’611’392.04;99.32;99.13
12/Jan/2023;EUR;4.91;730’883.00;3’590’377.55;98.74;98.55
11/Jan/2023;EUR;4.88;730’883.00;3’569’508.92;98.16;97.98
10/Jan/2023;EUR;4.86;730’883.00;3’551’521.93;97.67;97.49
09/Jan/2023;EUR;4.89;730’883.00;3’573’205.46;98.27;98.08
06/Jan/2023;EUR;4.84;730’883.00;3’536’390.57;97.25;97.07
05/Jan/2023;EUR;4.79;730’883.00;3’498’774.88;96.22;96.04
04/Jan/2023;EUR;4.80;730’883.00;3’511’394.18;96.57;96.41
03/Jan/2023;EUR;4.72;730’883.00;3’449’398.92;94.86;94.69
30/Dec/2022;EUR;4.62;730’883.00;3’378’377.97;92.91;92.73
29/Dec/2022;EUR;4.68;730’883.00;3’424’151.93;94.17;94.00
28/Dec/2022;EUR;4.65;730’883.00;3’397’207.57;93.43;93.25
23/Dec/2022;EUR;4.65;730’883.00;3’395’876.42;93.39;93.22
22/Dec/2022;EUR;4.65;730’883.00;3’396’467.29;93.41;93.24
21/Dec/2022;EUR;4.69;730’883.00;3’428’269.94;94.28;94.11
20/Dec/2022;EUR;4.61;730’883.00;3’371’038.69;92.71;92.54
19/Dec/2022;EUR;4.64;730’883.00;3’391’026.39;93.26;93.09
16/Dec/2022;EUR;4.63;730’883.00;3’386’832.18;93.14;92.98
15/Dec/2022;EUR;4.70;730’883.00;3’437’334.26;94.53;94.37
14/Dec/2022;EUR;4.85;730’883.00;3’541’794.08;97.40;97.24
13/Dec/2022;EUR;4.84;730’883.00;3’538’308.63;97.31;97.13
12/Dec/2022;EUR;4.77;730’883.00;3’489’159.67;95.95;95.78
09/Dec/2022;EUR;4.80;730’883.00;3’511’733.20;96.58;96.41
08/Dec/2022;EUR;4.75;730’883.00;3’474’700.59;95.56;95.39
07/Dec/2022;EUR;4.77;730’883.00;3’483’128.62;95.79;95.62
06/Dec/2022;EUR;4.79;730’883.00;3’499’103.69;96.23;96.06
05/Dec/2022;EUR;4.81;730’883.00;3’517’874.93;96.74;96.57
02/Dec/2022;EUR;4.83;730’883.00;3’532’936.65;97.16;96.98
01/Dec/2022;EUR;4.84;730’883.00;3’539’146.10;97.33;97.16
30/Nov/2022;EUR;4.78;730’883.00;3’493’363.64;96.07;95.88
29/Nov/2022;EUR;4.75;730’883.00;3’475’261.13;95.57;95.40
28/Nov/2022;EUR;4.77;730’883.00;3’489’020.36;95.95;95.79
25/Nov/2022;EUR;4.81;730’883.00;3’514’109.29;96.64;96.49
24/Nov/2022;EUR;4.81;730’883.00;3’516’884.85;96.72;96.57
23/Nov/2022;EUR;4.79;730’883.00;3’500’754.85;96.27;96.13
22/Nov/2022;EUR;4.76;707’783.00;3’366’686.52;95.61;95.46
21/Nov/2022;EUR;4.74;707’783.00;3’352’445.51;95.20;95.06
18/Nov/2022;EUR;4.73;707’783.00;3’349’526.16;95.12;94.98
17/Nov/2022;EUR;4.67;707’783.00;3’307’396.47;93.92;93.79
16/Nov/2022;EUR;4.69;707’783.00;3’320’130.15;94.29;94.15
15/Nov/2022;EUR;4.74;707’783.00;3’355’903.51;95.30;95.15
14/Nov/2022;EUR;4.73;707’783.00;3’348’627.52;95.10;94.95
11/Nov/2022;EUR;4.73;653’343.00;3’090’308.13;95.07;94.91
10/Nov/2022;EUR;4.73;653’343.00;3’090’517.85;95.08;94.92
09/Nov/2022;EUR;4.57;653’343.00;2’985’658.70;91.85;91.70
08/Nov/2022;EUR;4.57;653’343.00;2’985’925.03;91.86;91.71
07/Nov/2022;EUR;4.52;653’343.00;2’950’695.49;90.78;90.61
04/Nov/2022;EUR;4.51;653’343.00;2’944’065.33;90.57;90.41
03/Nov/2022;EUR;4.42;653’343.00;2’890’377.94;88.92;88.76
02/Nov/2022;EUR;4.48;653’343.00;2’924’457.89;89.97;89.80
01/Nov/2022;EUR;4.48;653’343.00;2’929’261.03;90.12;89.94
31/Oct/2022;EUR;4.46;653’343.00;2’915’596.14;89.70;89.53
28/Oct/2022;EUR;4.45;653’343.00;2’907’861.80;89.46;89.29
27/Oct/2022;EUR;4.45;653’343.00;2’909’160.84;89.50;89.34
26/Oct/2022;EUR;4.47;653’343.00;2’917’968.21;89.77;89.58
25/Oct/2022;EUR;4.43;653’343.00;2’894’995.85;89.06;88.89
24/Oct/2022;EUR;4.35;653’343.00;2’843’119.22;87.47;87.29
21/Oct/2022;EUR;4.28;653’343.00;2’798’832.86;86.11;85.94
20/Oct/2022;EUR;4.32;653’343.00;2’823’891.95;86.88;86.71
19/Oct/2022;EUR;4.32;653’343.00;2’823’584.35;86.87;86.69
18/Oct/2022;EUR;4.36;653’343.00;2’847’767.60;87.61;87.43
17/Oct/2022;EUR;4.34;653’343.00;2’833’879.91;87.18;87.01
14/Oct/2022;EUR;4.26;653’343.00;2’781’264.43;85.56;85.39
13/Oct/2022;EUR;4.22;653’343.00;2’758’808.27;84.87;84.70
12/Oct/2022;EUR;4.20;653’343.00;2’743’999.10;84.42;84.24
11/Oct/2022;EUR;4.23;653’343.00;2’762’289.63;84.98;84.80
10/Oct/2022;EUR;4.25;653’343.00;2’777’710.67;85.46;85.28
07/Oct/2022;EUR;4.27;653’343.00;2’789’528.63;85.82;85.64
06/Oct/2022;EUR;4.34;653’343.00;2’834’108.76;87.19;87.01
05/Oct/2022;EUR;4.36;677’943.00;2’959’192.66;87.74;87.55
04/Oct/2022;EUR;4.41;677’943.00;2’993’085.47;88.74;88.56
03/Oct/2022;EUR;4.28;677’943.00;2’899’322.05;85.96;85.78
30/Sept/2022;EUR;4.26;677’943.00;2’885’430.04;85.55;85.36
29/Sept/2022;EUR;4.20;677’943.00;2’845’950.39;84.38;84.19
28/Sept/2022;EUR;4.27;677’943.00;2’897’531.32;85.91;85.73
27/Sept/2022;EUR;4.25;677’943.00;2’882’775.73;85.47;85.29
26/Sept/2022;EUR;4.26;677’943.00;2’889’645.41;85.67;85.49
23/Sept/2022;EUR;4.28;677’943.00;2’902’225.67;86.05;85.86
22/Sept/2022;EUR;4.36;677’943.00;2’956’679.26;87.66;87.47
21/Sept/2022;EUR;4.46;677’943.00;3’025’267.42;89.69;89.51
20/Sept/2022;EUR;4.42;677’943.00;2’995’874.01;88.82;88.64
16/Sept/2022;EUR;4.49;677’943.00;3’042’100.84;90.19;90.01
15/Sept/2022;EUR;4.56;677’943.00;3’088’706.17;91.58;91.38
14/Sept/2022;EUR;4.58;677’943.00;3’107’820.55;92.14;91.95
13/Sept/2022;EUR;4.63;677’943.00;3’139’727.71;93.09;92.90
12/Sept/2022;EUR;4.71;677’943.00;3’194’406.15;94.71;94.52
09/Sept/2022;EUR;4.63;677’943.00;3’140’338.85;93.11;92.92
08/Sept/2022;EUR;4.57;677’943.00;3’096’231.00;91.80;91.61
07/Sept/2022;EUR;4.55;677’943.00;3’081’597.96;91.36;91.18
06/Sept/2022;EUR;4.56;677’943.00;3’089’542.04;91.60;91.41
05/Sept/2022;EUR;4.54;677’943.00;3’079’485.35;91.30;91.11
02/Sept/2022;EUR;4.57;677’943.00;3’100’398.93;91.92;91.73
01/Sept/2022;EUR;4.48;677’943.00;3’040’329.29;90.14;89.95
31/Aug/2022;EUR;4.57;677’943.00;3’098’680.73;91.87;91.68
30/Aug/2022;EUR;4.62;677’943.00;3’131’150.89;92.83;92.65
26/Aug/2022;EUR;4.70;677’943.00;3’186’135.53;94.46;94.27
25/Aug/2022;EUR;4.79;677’943.00;3’244’468.35;96.19;95.99
24/Aug/2022;EUR;4.77;677’943.00;3’236’936.03;95.97;95.77
23/Aug/2022;EUR;4.76;677’943.00;3’224’014.15;95.59;95.38
22/Aug/2022;EUR;4.79;677’943.00;3’250’182.12;96.36;96.16
19/Aug/2022;EUR;4.84;677’943.00;3’283’465.50;97.35;97.15
18/Aug/2022;EUR;4.88;677’943.00;3’305’487.09;98.00;97.80
17/Aug/2022;EUR;4.86;637’943.00;3’101’408.17;97.72;97.51
16/Aug/2022;EUR;4.91;637’943.00;3’131’297.02;98.66;98.46
15/Aug/2022;EUR;4.91;637’943.00;3’131’982.83;98.68;98.48
12/Aug/2022;EUR;4.88;637’943.00;3’114’037.21;98.12;97.91
11/Aug/2022;EUR;4.88;637’943.00;3’115’706.52;98.17;97.97
10/Aug/2022;EUR;4.89;617’943.00;3’018’876.71;98.20;98.00
09/Aug/2022;EUR;4.83;617’943.00;2’985’151.97;97.10;96.89
08/Aug/2022;EUR;4.87;617’943.00;3’008’243.03;97.85;97.65
05/Aug/2022;EUR;4.83;617’943.00;2’985’621.95;97.11;96.91
04/Aug/2022;EUR;4.88;617’943.00;3’015’060.39;98.07;97.87
03/Aug/2022;EUR;4.86;617’943.00;3’003’897.34;97.71;97.51
02/Aug/2022;EUR;4.84;617’943.00;2’993’253.92;97.36;97.16
01/Aug/2022;EUR;4.86;617’943.00;3’006’182.19;97.78;97.58
29/Jul/2022;EUR;4.87;617’943.00;3’009’700.41;97.90;97.69
28/Jul/2022;EUR;4.81;617’943.00;2’972’849.06;96.70;96.49
27/Jul/2022;EUR;4.75;617’943.00;2’932’729.06;95.39;95.19
26/Jul/2022;EUR;4.73;617’943.00;2’924’149.89;95.11;94.90
25/Jul/2022;EUR;4.73;617’943.00;2’922’654.09;95.07;94.86
22/Jul/2022;EUR;4.73;617’943.00;2’924’146.33;95.11;94.91
21/Jul/2022;EUR;4.71;617’943.00;2’908’779.88;94.61;94.41
20/Jul/2022;EUR;4.67;617’943.00;2’887’222.61;93.91;93.71
19/Jul/2022;EUR;4.68;617’943.00;2’891’259.00;94.04;93.84
18/Jul/2022;EUR;4.62;617’943.00;2’856’790.60;92.92;92.71
15/Jul/2022;EUR;4.59;617’943.00;2’836’654.67;92.27;92.06
14/Jul/2022;EUR;4.51;617’943.00;2’787’492.30;90.67;90.46
13/Jul/2022;EUR;4.57;617’943.00;2’824’715.88;91.88;91.67
12/Jul/2022;EUR;4.61;617’943.00;2’851’092.00;92.74;92.53
11/Jul/2022;EUR;4.59;617’943.00;2’834’360.63;92.19;91.98
08/Jul/2022;EUR;4.60;617’943.00;2’842’591.98;92.46;92.25
07/Jul/2022;EUR;4.58;617’943.00;2’830’913.26;92.08;91.87
06/Jul/2022;EUR;4.51;597’943.00;2’695’978.19;90.63;90.41
05/Jul/2022;EUR;4.42;597’943.00;2’645’398.73;88.93;88.71
04/Jul/2022;EUR;4.48;597’943.00;2’678’783.19;90.05;89.83
01/Jul/2022;EUR;4.46;597’943.00;2’668’148.99;89.69;89.48
30/Jun/2022;EUR;4.46;597’943.00;2’664’389.34;89.56;89.36
29/Jun/2022;EUR;4.51;597’943.00;2’698’231.34;90.70;90.49
28/Jun/2022;EUR;4.54;597’943.00;2’714’881.06;91.26;91.06
27/Jun/2022;EUR;4.53;597’943.00;2’709’588.91;91.08;90.88
24/Jun/2022;EUR;4.51;597’943.00;2’697’074.70;90.66;90.46
23/Jun/2022;EUR;4.39;597’943.00;2’623’255.13;88.18;87.98
22/Jun/2022;EUR;4.41;597’943.00;2’636’388.88;88.62;88.42
21/Jun/2022;EUR;4.43;597’943.00;2’647’206.62;88.99;88.79
20/Jun/2022;EUR;4.42;597’943.00;2’641’808.00;88.80;88.61
17/Jun/2022;EUR;4.39;597’943.00;2’624’655.38;88.23;88.05
16/Jun/2022;EUR;4.38;597’943.00;2’616’898.45;87.97;87.78
15/Jun/2022;EUR;4.47;597’943.00;2’674’835.13;89.91;89.72
14/Jun/2022;EUR;4.41;597’943.00;2’635’251.96;88.58;88.40
13/Jun/2022;EUR;4.48;597’943.00;2’678’037.38;90.02;89.81
10/Jun/2022;EUR;4.59;597’943.00;2’741’736.75;92.16;91.97
09/Jun/2022;EUR;4.70;597’943.00;2’810’105.08;94.46;94.27
08/Jun/2022;EUR;4.76;597’943.00;2’847’365.56;95.71;95.51
07/Jun/2022;EUR;4.79;597’943.00;2’865’521.22;96.32;96.13
06/Jun/2022;EUR;4.81;597’943.00;2’875’069.10;96.65;96.45
01/Jun/2022;EUR;4.75;597’943.00;2’839’913.44;95.46;95.27
31/May/2022;EUR;4.80;597’943.00;2’871’211.42;96.52;96.30
30/May/2022;EUR;4.85;597’943.00;2’899’795.37;97.48;97.25
27/May/2022;EUR;4.81;597’943.00;2’876’727.60;96.70;96.48
26/May/2022;EUR;4.75;597’943.00;2’837’531.26;95.38;95.16
25/May/2022;EUR;4.71;597’943.00;2’817’867.54;94.72;94.51
24/May/2022;EUR;4.69;597’943.00;2’806’244.58;94.33;94.12
23/May/2022;EUR;4.73;597’943.00;2’829’584.61;95.12;94.90
20/May/2022;EUR;4.67;597’943.00;2’793’307.96;93.90;93.70
19/May/2022;EUR;4.64;597’943.00;2’771’482.18;93.16;92.96
18/May/2022;EUR;4.70;597’943.00;2’808’957.28;94.42;94.25
17/May/2022;EUR;4.75;597’943.00;2’839’402.58;95.45;95.27
16/May/2022;EUR;4.69;597’943.00;2’806’527.53;94.34;94.18
13/May/2022;EUR;4.69;597’943.00;2’804’889.37;94.29;94.12
12/May/2022;EUR;4.60;597’943.00;2’751’670.03;92.50;92.34
11/May/2022;EUR;4.64;597’943.00;2’771’653.18;93.17;93.01
10/May/2022;EUR;4.56;597’943.00;2’729’242.61;91.74;91.59
09/May/2022;EUR;4.53;597’943.00;2’709’368.54;91.08;90.92
06/May/2022;EUR;4.67;597’943.00;2’792’939.12;93.88;93.73
05/May/2022;EUR;4.78;597’943.00;2’855’196.73;95.98;95.86
04/May/2022;EUR;4.82;597’943.00;2’881’292.87;96.86;96.75
03/May/2022;EUR;4.87;597’943.00;2’913’150.79;97.93;97.82
29/Apr/2022;EUR;4.93;597’943.00;2’947’623.66;99.08;98.99
28/Apr/2022;EUR;4.90;597’943.00;2’931’354.37;98.54;98.45
27/Apr/2022;EUR;4.88;597’943.00;2’916’860.92;98.05;97.97
26/Apr/2022;EUR;4.84;597’943.00;2’891’861.74;97.21;97.14
25/Apr/2022;EUR;4.88;597’943.00;2’919’818.88;98.15;98.10
22/Apr/2022;EUR;4.95;597’943.00;2’962’149.12;99.57;99.53
21/Apr/2022;EUR;5.04;597’943.00;3’014’465.93;101.33;101.29
20/Apr/2022;EUR;5.03;597’943.00;3’008’264.25;101.12;101.08
19/Apr/2022;EUR;4.98;597’943.00;2’980’142.06;100.18;100.13
14/Apr/2022;EUR;5.03;597’943.00;3’007’223.00;101.09;101.04
13/Apr/2022;EUR;4.99;597’943.00;2’986’621.06;100.40;100.35
12/Apr/2022;EUR;5.00;597’943.00;2’991’086.32;100.55;100.50
11/Apr/2022;EUR;5.03;597’943.00;3’007’902.99;101.11;101.07
08/Apr/2022;EUR;5.06;597’943.00;3’028’366.23;101.80;101.76
07/Apr/2022;EUR;5.00;597’943.00;2’991’546.77;100.56;100.52
06/Apr/2022;EUR;5.00;597’943.00;2’989’442.29;100.49;100.46
05/Apr/2022;EUR;5.08;597’943.00;3’039’412.40;102.17;102.13
04/Apr/2022;EUR;5.06;597’943.00;3’023’661.35;101.64;101.60
01/Apr/2022;EUR;5.02;597’943.00;3’002’375.14;100.93;100.89
31/Mar/2022;EUR;4.99;597’943.00;2’985’833.56;100.37;100.33
30/Mar/2022;EUR;5.02;597’943.00;3’003’507.42;100.96;100.93
29/Mar/2022;EUR;5.04;597’943.00;3’012’898.41;101.28;101.26
28/Mar/2022;EUR;4.96;597’943.00;2’964’367.11;99.65;99.62
25/Mar/2022;EUR;4.94;597’943.00;2’956’200.11;99.37;99.34
24/Mar/2022;EUR;4.95;597’943.00;2’957’265.96;99.41;99.38
23/Mar/2022;EUR;4.96;597’943.00;2’963’934.38;99.63;99.60
22/Mar/2022;EUR;5.02;597’943.00;3’000’794.55;100.87;100.84
21/Mar/2022;EUR;4.98;597’943.00;2’976’387.99;100.05;100.03
18/Mar/2022;EUR;4.99;597’943.00;2’983’685.37;100.30;100.28
17/Mar/2022;EUR;4.94;597’943.00;2’955’734.65;99.36;99.33
16/Mar/2022;EUR;4.91;597’943.00;2’937’092.29;98.73;98.70
15/Mar/2022;EUR;4.78;597’943.00;2’855’574.29;95.99;95.95
14/Mar/2022;EUR;4.79;577’943.00;2’769’925.18;96.33;96.29
11/Mar/2022;EUR;4.73;577’943.00;2’736’448.45;95.17;95.12
10/Mar/2022;EUR;4.69;577’943.00;2’708’409.24;94.19;94.15
09/Mar/2022;EUR;4.76;577’943.00;2’752’960.47;95.74;95.70
08/Mar/2022;EUR;4.56;577’943.00;2’632’555.88;91.56;91.49
07/Mar/2022;EUR;4.57;577’943.00;2’641’932.74;91.88;91.83
04/Mar/2022;EUR;4.62;577’943.00;2’667’826.11;92.78;92.73
03/Mar/2022;EUR;4.76;577’943.00;2’750’054.88;95.64;95.59
02/Mar/2022;EUR;4.85;577’943.00;2’800’401.20;97.39;97.34
01/Mar/2022;EUR;4.82;577’943.00;2’788’149.29;96.97;96.92
28/Feb/2022;EUR;4.93;577’943.00;2’850’731.22;99.14;99.10
25/Feb/2022;EUR;4.89;577’943.00;2’826’045.15;98.29;98.23
24/Feb/2022;EUR;4.74;577’943.00;2’737’217.08;95.20;95.14
23/Feb/2022;EUR;4.85;577’943.00;2’802’806.37;97.48;97.43
22/Feb/2022;EUR;4.86;577’943.00;2’807’799.56;97.65;97.60
21/Feb/2022;EUR;4.85;577’943.00;2’805’264.91;97.56;97.52
18/Feb/2022;EUR;4.92;577’943.00;2’841’056.09;98.81;98.76
17/Feb/2022;EUR;4.96;577’943.00;2’866’119.60;99.68;99.63
16/Feb/2022;EUR;4.98;577’943.00;2’880’870.50;100.19;100.15
15/Feb/2022;EUR;4.98;577’943.00;2’880’171.91;100.17;100.12
14/Feb/2022;EUR;4.90;577’943.00;2’831’962.14;98.49;98.44
11/Feb/2022;EUR;4.99;577’943.00;2’881’811.86;100.22;100.18
10/Feb/2022;EUR;5.03;577’943.00;2’906’146.28;101.07;101.03
09/Feb/2022;EUR;5.05;577’943.00;2’917’895.66;101.48;101.44
08/Feb/2022;EUR;4.96;577’943.00;2’868’306.67;99.76;99.71
07/Feb/2022;EUR;4.97;577’943.00;2’873’152.44;99.92;99.89
04/Feb/2022;EUR;4.94;577’943.00;2’855’481.11;99.31;99.27
03/Feb/2022;EUR;5.03;577’943.00;2’904’479.85;101.01;100.98
02/Feb/2022;EUR;5.13;577’943.00;2’963’172.40;103.05;103.02
01/Feb/2022;EUR;5.10;577’943.00;2’945’417.50;102.44;102.40
31/Jan/2022;EUR;5.05;620’624.00;3’133’071.98;101.47;101.43
28/Jan/2022;EUR;5.00;620’624.00;3’105’195.12;100.57;100.53
27/Jan/2022;EUR;5.06;620’624.00;3’138’404.79;101.64;101.61
26/Jan/2022;EUR;5.03;620’624.00;3’119’076.58;101.02;100.98
25/Jan/2022;EUR;4.95;620’624.00;3’070’878.20;99.46;99.42
24/Jan/2022;EUR;4.92;620’624.00;3’054’622.03;98.93;98.89
21/Jan/2022;EUR;5.11;620’624.00;3’169’475.62;102.65;102.61
20/Jan/2022;EUR;5.21;620’624.00;3’232’073.92;104.68;104.64
19/Jan/2022;EUR;5.17;620’624.00;3’208’237.69;103.90;103.87
18/Jan/2022;EUR;5.16;620’624.00;3’202’774.31;103.73;103.69
17/Jan/2022;EUR;5.22;620’624.00;3’238’709.36;104.89;104.85
14/Jan/2022;EUR;5.18;620’624.00;3’217’234.02;104.20;104.15
13/Jan/2022;EUR;5.24;620’624.00;3’254’973.98;105.42;105.38
12/Jan/2022;EUR;5.25;620’624.00;3’259’302.90;105.56;105.52
11/Jan/2022;EUR;5.23;620’624.00;3’245’583.83;105.11;105.08
10/Jan/2022;EUR;5.19;620’624.00;3’218’695.58;104.24;104.22
07/Jan/2022;EUR;5.28;620’624.00;3’275’941.27;106.10;106.09
06/Jan/2022;EUR;5.31;620’624.00;3’294’444.72;106.70;106.68
05/Jan/2022;EUR;5.39;640’000.00;3’448’191.31;108.29;108.33
04/Jan/2022;EUR;5.40;640’000.00;3’455’254.89;108.52;108.56
31/Dec/2021;EUR;5.35;640’000.00;3’426’410.07;107.61;107.68
30/Dec/2021;EUR;5.36;640’000.00;3’433’043.23;107.82;107.88
29/Dec/2021;EUR;5.36;640’000.00;3’428’226.59;107.67;107.74
24/Dec/2021;EUR;5.30;640’000.00;3’389’465.13;106.45;106.51
23/Dec/2021;EUR;5.30;640’000.00;3’392’438.84;106.54;106.61
22/Dec/2021;EUR;5.25;640’000.00;3’362’730.24;105.61;105.69
21/Dec/2021;EUR;5.20;640’000.00;3’330’415.54;104.60;104.71
20/Dec/2021;EUR;5.14;1’040’000.00;5’342’410.93;103.25;103.39
17/Dec/2021;EUR;5.21;1’040’000.00;5’416’552.47;104.68;104.80
16/Dec/2021;EUR;5.23;1’040’000.00;5’442’967.27;105.20;105.34
15/Dec/2021;EUR;5.17;1’040’000.00;5’378’897.04;103.96;104.07
14/Dec/2021;EUR;5.15;1’040’000.00;5’351’757.57;103.43;103.54
13/Dec/2021;EUR;5.20;1’040’000.00;5’410’023.89;104.56;104.73
10/Dec/2021;EUR;5.22;1’040’000.00;5’427’647.48;104.90;105.04
09/Dec/2021;EUR;5.24;1’040’000.00;5’451’594.33;105.36;105.48
08/Dec/2021;EUR;5.24;1’040’000.00;5’453’573.77;105.40;105.50
07/Dec/2021;EUR;5.28;1’040’000.00;5’490’705.21;106.12;106.21
06/Dec/2021;EUR;5.16;1’040’000.00;5’364’275.62;103.67;103.79
03/Dec/2021;EUR;5.10;1’040’000.00;5’301’322.58;102.46;102.58
02/Dec/2021;EUR;5.13;1’040’000.00;5’331’626.68;103.04;103.14
01/Dec/2021;EUR;5.19;1’040’000.00;5’399’413.53;104.35;104.45
30/Nov/2021;EUR;5.12;1’040’000.00;5’321’423.78;102.85;102.96
29/Nov/2021;EUR;5.15;1’040’000.00;5’355’081.66;103.50;103.58
26/Nov/2021;EUR;5.12;1’040’000.00;5’320’747.07;102.83;102.92
25/Nov/2021;EUR;5.30;2’040’000.00;10’801’964.56;106.43;106.46
24/Nov/2021;EUR;5.26;2’040’000.00;10’739’593.71;105.82;105.85
23/Nov/2021;EUR;5.25;2’040’000.00;10’719’285.51;105.62;105.65
22/Nov/2021;EUR;5.33;2’040’000.00;10’878’898.95;107.19;107.21
19/Nov/2021;EUR;5.35;2’040’000.00;10’904’449.13;107.44;107.48
18/Nov/2021;EUR;5.35;2’040’000.00;10’924’131.88;107.63;107.65
17/Nov/2021;EUR;5.37;2’040’000.00;10’960’767.81;108.00;108.00
16/Nov/2021;EUR;5.36;2’040’000.00;10’936’710.43;107.76;107.76
15/Nov/2021;EUR;5.35;2’040’000.00;10’924’154.93;107.63;107.63
12/Nov/2021;EUR;5.34;2’040’000.00;10’897’572.66;107.37;107.38
11/Nov/2021;EUR;5.32;2’040’000.00;10’858’920.44;106.99;107.00
10/Nov/2021;EUR;5.30;2’040’000.00;10’816’230.94;106.57;106.57
09/Nov/2021;EUR;5.29;2’040’000.00;10’796’295.12;106.37;106.37
08/Nov/2021;EUR;5.30;2’040’000.00;10’815’731.87;106.57;106.57
05/Nov/2021;EUR;5.29;2’040’000.00;10’800’076.49;106.41;106.42
04/Nov/2021;EUR;5.31;2’040’000.00;10’822’296.83;106.63;106.66
03/Nov/2021;EUR;5.29;2’040’000.00;10’783’109.58;106.24;106.27
02/Nov/2021;EUR;5.27;2’040’000.00;10’745’026.65;105.87;105.88
01/Nov/2021;EUR;5.25;2’040’000.00;10’712’942.32;105.55;105.56
29/Oct/2021;EUR;5.21;2’040’000.00;10’638’045.48;104.82;104.82
28/Oct/2021;EUR;5.21;2’040’000.00;10’634’411.37;104.78;104.79
27/Oct/2021;EUR;5.18;2’040’000.00;10’571’809.84;104.16;104.19
26/Oct/2021;EUR;5.19;2’040’000.00;10’594’445.53;104.39;104.38
25/Oct/2021;EUR;5.15;2’040’000.00;10’497’801.15;103.43;103.45
22/Oct/2021;EUR;5.15;2’040’000.00;10’507’338.86;103.53;103.53
21/Oct/2021;EUR;5.12;1’040’000.00;5’323’753.86;102.89;102.90
20/Oct/2021;EUR;5.12;1’040’000.00;5’325’870.83;102.93;102.93
19/Oct/2021;EUR;5.10;1’040’000.00;5’304’792.91;102.52;102.52
18/Oct/2021;EUR;5.08;1’040’000.00;5’282’316.80;102.09;102.09
15/Oct/2021;EUR;5.10;1’040’000.00;5’305’818.29;102.54;102.55
14/Oct/2021;EUR;5.06;1’040’000.00;5’264’362.51;101.74;101.77
13/Oct/2021;EUR;5.01;1’040’000.00;5’209’584.64;100.68;100.70
12/Oct/2021;EUR;4.97;1’040’000.00;5’165’301.52;99.83;99.84
11/Oct/2021;EUR;4.96;1’040’000.00;5’160’864.07;99.74;99.76
08/Oct/2021;EUR;4.96;1’040’000.00;5’162’358.21;99.77;99.78
07/Oct/2021;EUR;4.99;1’040’000.00;5’185’295.05;100.22;100.22
06/Oct/2021;EUR;4.91;1’040’000.00;5’109’990.72;98.76;98.79
05/Oct/2021;EUR;4.96;1’040’000.00;5’157’216.39;99.67;99.68
04/Oct/2021;EUR;4.91;1’040’000.00;5’102’013.06;98.61;98.62
01/Oct/2021;EUR;4.93;1’040’000.00;5’129’766.14;99.14;99.15
30/Sept/2021;EUR;4.95;1’040’000.00;5’151’315.58;99.56;99.56
29/Sept/2021;EUR;4.96;1’040’000.00;5’155’545.90;99.64;99.63
28/Sept/2021;EUR;4.93;1’040’000.00;5’123’988.95;99.03;99.03
27/Sept/2021;EUR;5.04;1’040’000.00;5’243’459.11;101.34;101.32
24/Sept/2021;EUR;5.06;1’040’000.00;5’263’614.78;101.73;101.73
23/Sept/2021;EUR;5.12;1’040’000.00;5’321’191.25;102.84;102.86
22/Sept/2021;EUR;5.07;1’040’000.00;5’274’169.04;101.93;101.95
21/Sept/2021;EUR;5.03;1’040’000.00;5’232’240.14;101.12;101.16
20/Sept/2021;EUR;4.98;1’040’000.00;5’174’697.52;100.01;100.08
17/Sept/2021;EUR;5.05;1’040’000.00;5’255’356.92;101.57;101.62
16/Sept/2021;EUR;5.10;1’040’000.00;5’300’366.21;102.44;102.51
15/Sept/2021;EUR;5.07;1’040’000.00;5’268’841.04;101.83;101.90
14/Sept/2021;EUR;5.12;1’040’000.00;5’322’966.57;102.88;102.93
13/Sept/2021;EUR;5.11;1’040’000.00;5’315’708.09;102.74;102.78
10/Sept/2021;EUR;5.10;1’040’000.00;5’303’453.51;102.50;102.54
09/Sept/2021;EUR;5.12;1’040’000.00;5’319’910.02;102.82;102.86
08/Sept/2021;EUR;5.12;1’040’000.00;5’320’802.39;102.83;102.89
07/Sept/2021;EUR;5.17;1’040’000.00;5’379’452.31;103.97;104.01
06/Sept/2021;EUR;5.20;1’040’000.00;5’404’465.96;104.45;104.49
03/Sept/2021;EUR;5.16;1’040’000.00;5’371’480.46;103.81;103.86
02/Sept/2021;EUR;5.20;1’040’000.00;5’404’563.27;104.45;104.49
01/Sept/2021;EUR;5.18;1’040’000.00;5’389’579.73;104.16;104.19
31/Aug/2021;EUR;5.15;1’040’000.00;5’352’270.99;103.44;103.47
27/Aug/2021;EUR;5.16;1’040’000.00;5’370’775.21;103.80;103.82
26/Aug/2021;EUR;5.15;1’040’000.00;5’351’672.73;103.43;103.45
25/Aug/2021;EUR;5.16;1’040’000.00;5’366’551.69;103.72;103.74
24/Aug/2021;EUR;5.17;1’040’000.00;5’375’045.73;103.88;103.92
23/Aug/2021;EUR;5.18;1’040’000.00;5’382’300.90;104.02;104.07
20/Aug/2021;EUR;5.15;1’040’000.00;5’352’833.59;103.45;103.50
19/Aug/2021;EUR;5.13;1’040’000.00;5’332’644.06;103.06;103.12
18/Aug/2021;EUR;5.19;1’040’000.00;5’394’046.84;104.25;104.28
17/Aug/2021;EUR;5.17;1’040’000.00;5’378’827.19;103.96;103.99
16/Aug/2021;EUR;5.17;1’040’000.00;5’375’699.38;103.90;103.93
13/Aug/2021;EUR;5.19;1’040’000.00;5’396’770.21;104.30;104.32
12/Aug/2021;EUR;5.17;1’020’000.00;5’277’667.13;104.00;104.02
11/Aug/2021;EUR;5.16;970’000.00;5’007’501.06;103.76;103.78
10/Aug/2021;EUR;5.14;970’000.00;4’987’771.11;103.35;103.37
09/Aug/2021;EUR;5.13;970’000.00;4’971’917.35;103.03;103.05
06/Aug/2021;EUR;5.12;1’000’000.00;5’115’184.46;102.81;102.83
05/Aug/2021;EUR;5.12;1’000’000.00;5’117’598.66;102.86;102.88
04/Aug/2021;EUR;5.09;1’000’000.00;5’089’526.24;102.30;102.32
03/Aug/2021;EUR;5.05;1’000’000.00;5’049’014.48;101.48;101.51
02/Aug/2021;EUR;5.04;1’000’000.00;5’043’999.12;101.38;101.40
30/Jul/2021;EUR;5.01;1’000’000.00;5’012’614.45;--;100.77
29/Jul/2021;EUR;5.03;1’000’000.00;5’028’236.03;--;101.08
28/Jul/2021;EUR;5.02;1’000’000.00;5’015’593.70;100.75;100.82
27/Jul/2021;EUR;4.98;1’000’000.00;4’975’142.70;100.00;100.00