,"European Union Emissions Trading System (from 2019)",,,,
Date,"Market Revenue","Market Currency","Exchange rate EUR/EUR","Exchange rate EUR/USD",
2019-01-07,57409950,EUR,1,1.141640909,
2019-01-08,55888000,EUR,1,1.141640909,
2019-01-10,53393000,EUR,1,1.141640909,
2019-01-14,54765250,EUR,1,1.141640909,
2019-01-15,56262250,EUR,1,1.141640909,
2019-01-16,115213920,EUR,1,1.141640909,
2019-01-17,58757250,EUR,1,1.141640909,
2019-01-21,60428900,EUR,1,1.141640909,
2019-01-22,60927900,EUR,1,1.141640909,
2019-01-24,61377000,EUR,1,1.141640909,
2019-01-28,57409950,EUR,1,1.141640909,
2019-01-29,55962850,EUR,1,1.141640909,
2019-01-30,101456935,EUR,1,1.141640909,
2019-01-31,55638500,EUR,1,1.141640909,
2019-02-01,68608420,EUR,1,1.135115,
2019-02-04,53343100,EUR,1,1.135115,
2019-02-05,57210350,EUR,1,1.135115,
2019-02-07,59381000,EUR,1,1.135115,
2019-02-08,74705520,EUR,1,1.135115,
2019-02-11,54391000,EUR,1,1.135115,
2019-02-12,54166450,EUR,1,1.135115,
2019-02-13,88614285,EUR,1,1.135115,
2019-02-14,52045700,EUR,1,1.135115,
2019-02-15,64147910,EUR,1,1.135115,
2019-02-18,50249300,EUR,1,1.135115,
2019-02-19,50548700,EUR,1,1.135115,
2019-02-21,49525750,EUR,1,1.135115,
2019-02-22,58885150,EUR,1,1.135115,
2019-02-25,46456900,EUR,1,1.135115,
2019-02-26,48902000,EUR,1,1.135115,
2019-02-27,89942835,EUR,1,1.135115,
2019-02-28,52145500,EUR,1,1.135115,
2019-03-01,68383790,EUR,1,1.130247619,
2019-03-04,55189400,EUR,1,1.130247619,
2019-03-05,57035700,EUR,1,1.130247619,
2019-03-07,54964850,EUR,1,1.130247619,
2019-03-08,73421920,EUR,1,1.130247619,
2019-03-11,56387000,EUR,1,1.130247619,
2019-03-12,56087600,EUR,1,1.130247619,
2019-03-13,111449915,EUR,1,1.130247619,
2019-03-14,55463850,EUR,1,1.130247619,
2019-03-15,73068930,EUR,1,1.130247619,
2019-03-18,53642500,EUR,1,1.130247619,
2019-03-19,53268250,EUR,1,1.130247619,
2019-03-21,52644500,EUR,1,1.130247619,
2019-03-22,66233760,EUR,1,1.130247619,
2019-03-25,51397000,EUR,1,1.130247619,
2019-03-26,52819150,EUR,1,1.130247619,
2019-03-27,94991325,EUR,1,1.130247619,
2019-03-28,53767250,EUR,1,1.130247619,
2019-03-29,70052470,EUR,1,1.130247619,
2019-04-01,52544700,EUR,1,1.123825,
2019-04-02,53393000,EUR,1,1.123825,
2019-04-04,59006750,EUR,1,1.123825,
2019-04-05,77561530,EUR,1,1.123825,
2019-04-08,60054650,EUR,1,1.123825,
2019-04-09,62874000,EUR,1,1.123825,
2019-04-10,116070985,EUR,1,1.123825,
2019-04-11,64570600,EUR,1,1.123825,
2019-04-12,85744480,EUR,1,1.123825,
2019-04-15,67365000,EUR,1,1.123825,
2019-04-16,66866000,EUR,1,1.123825,
2019-04-18,67165400,EUR,1,1.123825,
2019-04-23,67789150,EUR,1,1.123825,
2019-04-24,119658070,EUR,1,1.123825,
2019-04-25,68512700,EUR,1,1.123825,
2019-04-26,85969110,EUR,1,1.123825,
2019-04-29,64395950,EUR,1,1.123825,
2019-04-30,64495750,EUR,1,1.123825,
2019-05-02,62474800,EUR,1,1.118459091,
2019-05-03,78042880,EUR,1,1.118459091,
2019-05-07,63996750,EUR,1,1.118459091,
2019-05-08,131303870,EUR,1,1.118459091,
2019-05-09,66890950,EUR,1,1.118459091,
2019-05-10,84557150,EUR,1,1.118459091,
2019-05-13,62998750,EUR,1,1.118459091,
2019-05-14,62449850,EUR,1,1.118459091,
2019-05-16,64395950,EUR,1,1.118459091,
2019-05-17,80257090,EUR,1,1.118459091,
2019-05-20,62150450,EUR,1,1.118459091,
2019-05-21,62399950,EUR,1,1.118459091,
2019-05-22,115369525,EUR,1,1.118459091,
2019-05-23,64994750,EUR,1,1.118459091,
2019-05-24,82182490,EUR,1,1.118459091,
2019-05-28,63123500,EUR,1,1.118459091,
2019-06-03,66500980,EUR,1,1.12934,
2019-06-04,66223430,EUR,1,1.12934,
2019-06-05,108143970,EUR,1,1.12934,
2019-06-06,66806285,EUR,1,1.12934,
2019-06-07,77786160,EUR,1,1.12934,
2019-06-11,69720560,EUR,1,1.12934,
2019-06-13,69165460,EUR,1,1.12934,
2019-06-14,79166030,EUR,1,1.12934,
2019-06-17,68776890,EUR,1,1.12934,
2019-06-18,69331990,EUR,1,1.12934,
2019-06-19,110623930,EUR,1,1.12934,
2019-06-20,68998930,EUR,1,1.12934,
2019-06-21,79807830,EUR,1,1.12934,
2019-06-24,71163820,EUR,1,1.12934,
2019-06-27,94009900,EUR,1,1.12934,
2019-06-28,84717600,EUR,1,1.12934,
2019-07-01,92691680,EUR,1,1.12183913,
2019-07-02,94426180,EUR,1,1.12183913,
2019-07-03,116602405,EUR,1,1.12183913,
2019-07-04,90996510,EUR,1,1.12183913,
2019-07-05,82920560,EUR,1,1.12183913,
2019-07-08,73828300,EUR,1,1.12183913,
2019-07-09,74050340,EUR,1,1.12183913,
2019-07-11,79101750,EUR,1,1.12183913,
2019-07-12,90654250,EUR,1,1.12183913,
2019-07-15,80905825,EUR,1,1.12183913,
2019-07-16,80752500,EUR,1,1.12183913,
2019-07-17,149171185,EUR,1,1.12183913,
2019-07-18,77672250,EUR,1,1.12183913,
2019-07-19,90333350,EUR,1,1.12183913,
2019-07-22,80364000,EUR,1,1.12183913,
2019-07-23,80613750,EUR,1,1.12183913,
2019-07-25,81751500,EUR,1,1.12183913,
2019-07-26,91488590,EUR,1,1.12183913,
2019-07-29,79920000,EUR,1,1.12183913,
2019-07-30,78199500,EUR,1,1.12183913,
2019-07-31,124175140,EUR,1,1.12183913,
2019-08-01,40098750,EUR,1,1.112622727,
2019-08-02,46690950,EUR,1,1.112622727,
2019-08-05,39987750,EUR,1,1.112622727,
2019-08-06,39516000,EUR,1,1.112622727,
2019-08-08,39793500,EUR,1,1.112622727,
2019-08-09,45519665,EUR,1,1.112622727,
2019-08-12,38433750,EUR,1,1.112622727,
2019-08-13,37601250,EUR,1,1.112622727,
2019-08-14,60123675,EUR,1,1.112622727,
2019-08-15,36643875,EUR,1,1.112622727,
2019-08-16,41909540,EUR,1,1.112622727,
2019-08-19,36421875,EUR,1,1.112622727,
2019-08-20,37379250,EUR,1,1.112622727,
2019-08-22,35769750,EUR,1,1.112622727,
2019-08-23,40641985,EUR,1,1.112622727,
2019-08-27,35034375,EUR,1,1.112622727,
2019-08-28,57577000,EUR,1,1.112622727,
2019-08-29,39037615,EUR,1,1.112622727,
2019-08-30,43000600,EUR,1,1.112622727,
2019-09-02,69710300,EUR,1,1.100390476,
2019-09-03,68118490,EUR,1,1.100390476,
2019-09-06,72166370,EUR,1,1.100390476,
2019-09-09,68639945,EUR,1,1.100390476,
2019-09-10,69984750,EUR,1,1.100390476,
2019-09-11,149278140,EUR,1,1.100390476,
2019-09-12,72866475,EUR,1,1.100390476,
2019-09-13,74320590,EUR,1,1.100390476,
2019-09-16,72948810,EUR,1,1.100390476,
2019-09-17,73415375,EUR,1,1.100390476,
2019-09-19,70149420,EUR,1,1.100390476,
2019-09-20,74178865,EUR,1,1.100390476,
2019-09-23,71164885,EUR,1,1.100390476,
2019-09-24,70231755,EUR,1,1.100390476,
2019-09-25,118663965,EUR,1,1.100390476,
2019-09-26,69188845,EUR,1,1.100390476,
2019-09-27,71712850,EUR,1,1.100390476,
2019-09-30,68694835,EUR,1,1.100390476,
2019-10-01,66965800,EUR,1,1.105256522,
2019-10-03,65950335,EUR,1,1.105256522,
2019-10-04,66355645,EUR,1,1.105256522,
2019-10-07,62492265,EUR,1,1.105256522,
2019-10-08,64138965,EUR,1,1.105256522,
2019-10-09,122362800,EUR,1,1.105256522,
2019-10-10,62656935,EUR,1,1.105256522,
2019-10-11,66950890,EUR,1,1.105256522,
2019-10-14,65373990,EUR,1,1.105256522,
2019-10-15,67185360,EUR,1,1.105256522,
2019-10-17,71247220,EUR,1,1.105256522,
2019-10-18,72676580,EUR,1,1.105256522,
2019-10-21,71082550,EUR,1,1.105256522,
2019-10-22,70533650,EUR,1,1.105256522,
2019-10-23,118286805,EUR,1,1.105256522,
2019-10-24,67542145,EUR,1,1.105256522,
2019-10-25,70465670,EUR,1,1.105256522,
2019-10-28,67721920,EUR,1,1.105256522,
2019-10-29,69697600,EUR,1,1.105256522,
2019-10-31,71206800,EUR,1,1.105256522,
2019-11-01,72874995,EUR,1,1.105095238,
2019-11-04,68407920,EUR,1,1.105095238,
2019-11-05,70795200,EUR,1,1.105095238,
2019-11-06,140605660,EUR,1,1.105095238,
2019-11-07,68215840,EUR,1,1.105095238,
2019-11-08,69785390,EUR,1,1.105095238,
2019-11-11,69176240,EUR,1,1.105095238,
2019-11-12,68462800,EUR,1,1.105095238,
2019-11-14,66624320,EUR,1,1.105095238,
2019-11-15,66355645,EUR,1,1.105095238,
2019-11-18,64237040,EUR,1,1.105095238,
2019-11-19,64813280,EUR,1,1.105095238,
2019-11-20,110036430,EUR,1,1.105095238,
2019-11-21,65746240,EUR,1,1.105095238,
2019-11-22,68935040,EUR,1,1.105095238,
2019-11-25,67282880,EUR,1,1.105095238,
2019-11-26,66651760,EUR,1,1.105095238,
2019-11-28,68353040,EUR,1,1.105095238,
2019-11-29,70947535,EUR,1,1.105095238,
2019-12-02,67557280,EUR,1,1.111345,
2019-12-03,66981040,EUR,1,1.111345,
2019-12-04,113691750,EUR,1,1.111345,
2019-12-05,67228000,EUR,1,1.111345,
2019-12-06,70012150,EUR,1,1.111345,
2019-12-09,66953600,EUR,1,1.111345,
2019-12-10,68545120,EUR,1,1.111345,
2019-12-12,67557280,EUR,1,1.111345,
2019-12-13,71937200,EUR,1,1.111345,
2019-12-16,72944730,EUR,1,1.111345,
2020-01-07,65383050,EUR,1,1.110036364,
2020-01-09,65247175,EUR,1,1.110036364,
2020-01-10,57846240,EUR,1,1.110036364,
2020-01-13,65301525,EUR,1,1.110036364,
2020-01-14,64513450,EUR,1,1.110036364,
2020-01-15,148551240,EUR,1,1.110036364,
2020-01-16,67529875,EUR,1,1.110036364,
2020-01-17,59098630,EUR,1,1.110036364,
2020-01-20,69568000,EUR,1,1.110036364,
2020-01-21,68209250,EUR,1,1.110036364,
2020-01-23,66986375,EUR,1,1.110036364,
2020-01-24,57846240,EUR,1,1.110036364,
2020-01-27,65328700,EUR,1,1.110036364,
2020-01-28,66714625,EUR,1,1.110036364,
2020-01-29,128181280,EUR,1,1.110036364,
2020-01-30,64513450,EUR,1,1.110036364,
2020-01-31,55483240,EUR,1,1.110036364,
2020-02-03,63046000,EUR,1,1.0905,
2020-02-04,63399275,EUR,1,1.0905,
2020-02-06,63589500,EUR,1,1.0905,
2020-02-07,54750710,EUR,1,1.0905,
2020-02-10,62257925,EUR,1,1.0905,
2020-02-11,62910125,EUR,1,1.0905,
2020-02-12,124502200,EUR,1,1.0905,
2020-02-13,63915600,EUR,1,1.0905,
2020-02-14,57350010,EUR,1,1.0905,
2020-02-17,65518925,EUR,1,1.0905,
2020-02-18,67394000,EUR,1,1.0905,
2020-02-20,69296250,EUR,1,1.0905,
2020-02-21,59429450,EUR,1,1.0905,
2020-02-24,66959200,EUR,1,1.0905,
2020-02-25,66089600,EUR,1,1.0905,
2020-02-26,127168200,EUR,1,1.0905,
2020-02-27,64676500,EUR,1,1.0905,
2020-02-28,55435980,EUR,1,1.0905,
2020-03-02,65111300,EUR,1,1.106340909,
2020-03-03,63209050,EUR,1,1.106340909,
2020-03-04,134023500,EUR,1,1.106340909,
2020-03-05,64948250,EUR,1,1.106340909,
2020-03-06,55199680,EUR,1,1.106340909,
2020-03-09,61551375,EUR,1,1.106340909,
2020-03-10,64567800,EUR,1,1.106340909,
2020-03-11,145114855,EUR,1,1.106340909,
2020-03-12,62094875,EUR,1,1.106340909,
2020-03-13,53829140,EUR,1,1.106340909,
2020-03-16,56089200,EUR,1,1.106340909,
2020-03-18,92270025,EUR,1,1.106340909,
2020-03-19,54445895,EUR,1,1.106340909,
2020-03-20,38635050,EUR,1,1.106340909,
2020-03-23,49588900,EUR,1,1.106340909,
2020-03-24,55193125,EUR,1,1.106340909,
2020-03-25,90377400,EUR,1,1.106340909,
2020-03-26,55387400,EUR,1,1.106340909,
2020-03-27,39107650,EUR,1,1.106340909,
2020-03-30,44349600,EUR,1,1.106340909,
2020-03-31,47284500,EUR,1,1.106340909,
2020-04-01,95305600,EUR,1,1.08619,
2020-04-02,47610600,EUR,1,1.08619,
2020-04-03,42297700,EUR,1,1.08619,
2020-04-06,49893300,EUR,1,1.08619,
2020-04-07,57366425,EUR,1,1.08619,
2020-04-08,109201310,EUR,1,1.08619,
2020-04-09,58154500,EUR,1,1.08619,
2020-04-14,54811975,EUR,1,1.08619,
2020-04-15,109853450,EUR,1,1.08619,
2020-04-16,54621750,EUR,1,1.08619,
2020-04-17,51678810,EUR,1,1.08619,
2020-04-20,57709080,EUR,1,1.08619,
2020-04-21,55426800,EUR,1,1.08619,
2020-04-22,105307000,EUR,1,1.08619,
2020-04-23,54992080,EUR,1,1.08619,
2020-04-24,48417870,EUR,1,1.08619,
2020-04-27,55426800,EUR,1,1.08619,
2020-04-28,54312830,EUR,1,1.08619,
2020-04-29,116841000,EUR,1,1.08619,
2020-04-30,54258490,EUR,1,1.08619,
2020-05-05,51650170,EUR,1,1.090185,
2020-05-06,114894575,EUR,1,1.090185,
2020-05-07,51623000,EUR,1,1.090185,
2020-05-08,45794940,EUR,1,1.090185,
2020-05-11,51106770,EUR,1,1.090185,
2020-05-12,50862240,EUR,1,1.090185,
2020-05-13,104813250,EUR,1,1.090185,
2020-05-14,49911290,EUR,1,1.090185,
2020-05-15,44944260,EUR,1,1.090185,
2020-05-18,52438100,EUR,1,1.090185,
2020-05-19,54394340,EUR,1,1.090185,
2020-05-20,107226520,EUR,1,1.090185,
2020-05-26,58279650,EUR,1,1.090185,
2020-05-27,121480275,EUR,1,1.090185,
2020-05-28,56921150,EUR,1,1.090185,
2020-05-29,51277100,EUR,1,1.090185,
2020-06-02,57464550,EUR,1,1.125459091,
2020-06-03,117197360,EUR,1,1.125459091,
2020-06-04,59149090,EUR,1,1.125459091,
2020-06-05,53167500,EUR,1,1.125459091,
2020-06-08,61567220,EUR,1,1.125459091,
2020-06-09,60589100,EUR,1,1.125459091,
2020-06-10,126864125,EUR,1,1.125459091,
2020-06-11,60317400,EUR,1,1.125459091,
2020-06-12,52340450,EUR,1,1.125459091,
2020-06-15,59230600,EUR,1,1.125459091,
2020-06-16,62137790,EUR,1,1.125459091,
2020-06-17,121622920,EUR,1,1.125459091,
2020-06-18,64202710,EUR,1,1.125459091,
2020-06-19,57137340,EUR,1,1.125459091,
2020-06-22,65615550,EUR,1,1.125459091,
2020-06-23,67517450,EUR,1,1.125459091,
2020-06-24,141870175,EUR,1,1.125459091,
2020-06-25,68332550,EUR,1,1.125459091,
2020-06-26,58838700,EUR,1,1.125459091,
2020-06-29,67218580,EUR,1,1.125459091,
2020-06-30,70614830,EUR,1,1.125459091,
2020-07-01,165288710,EUR,1,1.14633913,
2020-07-02,74038250,EUR,1,1.14633913,
2020-07-03,63801000,EUR,1,1.14633913,
2020-07-06,78412620,EUR,1,1.14633913,
2020-07-07,79716780,EUR,1,1.14633913,
2020-07-08,162947375,EUR,1,1.14633913,
2020-07-09,77380160,EUR,1,1.14633913,
2020-07-10,65360580,EUR,1,1.14633913,
2020-07-13,81618680,EUR,1,1.14633913,
2020-07-14,79336400,EUR,1,1.14633913,
2020-07-15,158946920,EUR,1,1.14633913,
2020-07-16,101099220,EUR,1,1.14633913,
2020-07-17,63446550,EUR,1,1.14633913,
2020-07-20,96498900,EUR,1,1.14633913,
2020-07-21,94665960,EUR,1,1.14633913,
2020-07-22,147941325,EUR,1,1.14633913,
2020-07-23,96175440,EUR,1,1.14633913,
2020-07-24,62784910,EUR,1,1.14633913,
2020-07-27,91754820,EUR,1,1.14633913,
2020-07-28,89957820,EUR,1,1.14633913,
2020-07-29,138418720,EUR,1,1.14633913,
2020-07-30,91071960,EUR,1,1.14633913,
2020-07-31,62146900,EUR,1,1.14633913,
2020-08-03,46380570,EUR,1,1.182809524,
2020-08-04,46632150,EUR,1,1.182809524,
2020-08-05,76426815,EUR,1,1.182809524,
2020-08-06,48429150,EUR,1,1.182809524,
2020-08-07,30908040,EUR,1,1.182809524,
2020-08-10,48375240,EUR,1,1.182809524,
2020-08-11,47997870,EUR,1,1.182809524,
2020-08-12,68116300,EUR,1,1.182809524,
2020-08-13,46614180,EUR,1,1.182809524,
2020-08-14,29832875,EUR,1,1.182809524,
2020-08-17,45679740,EUR,1,1.182809524,
2020-08-18,46811850,EUR,1,1.182809524,
2020-08-19,76328700,EUR,1,1.182809524,
2020-08-20,46182900,EUR,1,1.182809524,
2020-08-21,29962840,EUR,1,1.182809524,
2020-08-24,47800200,EUR,1,1.182809524,
2020-08-25,49112010,EUR,1,1.182809524,
2020-08-26,75838770,EUR,1,1.182809524,
2020-08-27,53285030,EUR,1,1.182809524,
2020-08-28,35016500,EUR,1,1.182809524,
2020-09-01,111762560,EUR,1,1.179240909,
2020-09-02,146422200,EUR,1,1.179240909,
2020-09-04,74678400,EUR,1,1.179240909,
2020-09-07,106308800,EUR,1,1.179240909,
2020-09-08,107692000,EUR,1,1.179240909,
2020-09-09,190329535,EUR,1,1.179240909,
2020-09-10,108521920,EUR,1,1.179240909,
2020-09-11,72733650,EUR,1,1.179240909,
2020-09-14,113264320,EUR,1,1.179240909,
2020-09-15,118520480,EUR,1,1.179240909,
2020-09-16,157205640,EUR,1,1.179240909,
2020-09-17,115003200,EUR,1,1.179240909,
2020-09-18,73537480,EUR,1,1.179240909,
2020-09-21,107178240,EUR,1,1.179240909,
2020-09-22,105716000,EUR,1,1.179240909,
2020-09-23,174743035,EUR,1,1.179240909,
2020-09-24,103858560,EUR,1,1.179240909,
2020-09-25,67936600,EUR,1,1.179240909,
2020-09-28,103858560,EUR,1,1.179240909,
2020-09-29,107059680,EUR,1,1.179240909,
2020-09-30,141929100,EUR,1,1.179240909,
2020-10-01,104372320,EUR,1,1.177518182,
2020-10-02,67703230,EUR,1,1.177518182,
2020-10-05,105874080,EUR,1,1.177518182,
2020-10-06,105439360,EUR,1,1.177518182,
2020-10-07,196089295,EUR,1,1.177518182,
2020-10-08,104332800,EUR,1,1.177518182,
2020-10-09,67418000,EUR,1,1.177518182,
2020-10-12,100934080,EUR,1,1.177518182,
2020-10-13,99985600,EUR,1,1.177518182,
2020-10-14,133471500,EUR,1,1.177518182,
2020-10-15,99392800,EUR,1,1.177518182,
2020-10-16,66017780,EUR,1,1.177518182,
2020-10-19,98207200,EUR,1,1.177518182,
2020-10-20,96586880,EUR,1,1.177518182,
2020-10-21,153308060,EUR,1,1.177518182,
2020-10-22,93267200,EUR,1,1.177518182,
2020-10-23,64617560,EUR,1,1.177518182,
2020-10-26,96152160,EUR,1,1.177518182,
2020-10-27,93069600,EUR,1,1.177518182,
2020-10-28,121260840,EUR,1,1.177518182,
2020-10-29,91161105,EUR,1,1.177518182,
2020-10-30,60805850,EUR,1,1.177518182,
2020-11-02,90963530,EUR,1,1.183790476,
2020-11-03,96416600,EUR,1,1.183790476,
2020-11-04,174744460,EUR,1,1.183790476,
2020-11-05,100960825,EUR,1,1.183790476,
2020-11-06,65343600,EUR,1,1.183790476,
2020-11-09,100407615,EUR,1,1.183790476,
2020-11-10,104596205,EUR,1,1.183790476,
2020-11-11,140131860,EUR,1,1.183790476,
2020-11-12,102343850,EUR,1,1.183790476,
2020-11-13,68221830,EUR,1,1.183790476,
2020-11-16,105386505,EUR,1,1.183790476,
2020-11-17,107164680,EUR,1,1.183790476,
2020-11-18,175446870,EUR,1,1.183790476,
2020-11-19,105584080,EUR,1,1.183790476,
2020-11-20,69492400,EUR,1,1.183790476,
2020-11-23,107678375,EUR,1,1.183790476,
2020-11-24,106571955,EUR,1,1.183790476,
2020-11-25,146105040,EUR,1,1.183790476,
2020-11-26,109733155,EUR,1,1.183790476,
2020-11-27,73200390,EUR,1,1.183790476,
2020-11-30,113882230,EUR,1,1.183790476,
2020-12-01,115541860,EUR,1,1.216972727,
2020-12-02,184916650,EUR,1,1.216972727,
2020-12-03,114988650,EUR,1,1.216972727,
2020-12-04,77790000,EUR,1,1.216972727,
2020-12-07,116529735,EUR,1,1.216972727,
2020-12-08,117320035,EUR,1,1.216972727,
2020-12-09,158798640,EUR,1,1.216972727,
2020-12-10,118703060,EUR,1,1.216972727,
2020-12-11,79124325,EUR,1,1.216972727,
2020-12-14,122427740,EUR,1,1.216972727,
2021-01-29,88835010,EUR,1,1.217085,
2021-02-01,107402410,EUR,1,1.20979,
2021-02-02,109178200,EUR,1,1.20979,
2021-02-03,97850000,EUR,1,1.20979,
2021-02-04,120063135,EUR,1,1.20979,
2021-02-05,99704110,EUR,1,1.20979,
2021-02-08,127001870,EUR,1,1.20979,
2021-02-09,123581830,EUR,1,1.20979,
2021-02-10,97077500,EUR,1,1.20979,
2021-02-11,130290370,EUR,1,1.20979,
2021-02-12,100207800,EUR,1,1.20979,
2021-02-15,130948070,EUR,1,1.20979,
2021-02-16,132164815,EUR,1,1.20979,
2021-02-17,98931500,EUR,1,1.20979,
2021-02-18,124995885,EUR,1,1.20979,
2021-02-19,101692360,EUR,1,1.20979,
2021-02-22,121148340,EUR,1,1.20979,
2021-02-23,123318750,EUR,1,1.20979,
2021-02-24,98931500,EUR,1,1.20979,
2021-02-25,127856880,EUR,1,1.20979,
2021-02-26,99439010,EUR,1,1.20979,
2021-03-01,123844910,EUR,1,1.189908696,
2021-03-02,122496625,EUR,1,1.189908696,
2021-03-03,96717000,EUR,1,1.189908696,
2021-03-04,121345650,EUR,1,1.189908696,
2021-03-05,100950080,EUR,1,1.189908696,
2021-03-08,126311285,EUR,1,1.189908696,
2021-03-09,129566900,EUR,1,1.189908696,
2021-03-10,105575000,EUR,1,1.189908696,
2021-03-11,134565420,EUR,1,1.189908696,
2021-03-12,110069520,EUR,1,1.189908696,
2021-03-15,140879340,EUR,1,1.189908696,
2021-03-16,137853920,EUR,1,1.189908696,
2021-03-17,132661550,EUR,1,1.189908696,
2021-03-18,142556475,EUR,1,1.189908696,
2021-03-19,111103410,EUR,1,1.189908696,
2021-03-22,137459300,EUR,1,1.189908696,
2021-03-23,137360645,EUR,1,1.189908696,
2021-03-24,105420500,EUR,1,1.189908696,
2021-03-25,133870100,EUR,1,1.189908696,
2021-03-26,108319860,EUR,1,1.189908696,
2021-03-29,133874835,EUR,1,1.189908696,
2021-03-30,138939125,EUR,1,1.189908696,
2021-03-31,108819500,EUR,1,1.189908696,
2021-04-01,138248540,EUR,1,1.19791,
2021-04-06,141569925,EUR,1,1.19791,
2021-04-07,112347250,EUR,1,1.19791,
2021-04-08,142885325,EUR,1,1.19791,
2021-04-09,114470180,EUR,1,1.19791,
2021-04-12,144233610,EUR,1,1.19791,
2021-04-13,145022850,EUR,1,1.19791,
2021-04-14,118004920,EUR,1,1.19791,
2021-04-15,144661115,EUR,1,1.19791,
2021-04-16,117969500,EUR,1,1.19791,
2021-04-19,146864410,EUR,1,1.19791,
2021-04-20,145351700,EUR,1,1.19791,
2021-04-21,115488750,EUR,1,1.19791,
2021-04-22,153244100,EUR,1,1.19791,
2021-04-23,123032910,EUR,1,1.19791,
2021-04-26,155348740,EUR,1,1.19791,
2021-04-27,153079675,EUR,1,1.19791,
2021-04-28,123600000,EUR,1,1.19791,
2021-04-29,155381625,EUR,1,1.19791,
2021-04-30,126399680,EUR,1,1.19791,
2021-05-04,162221705,EUR,1,1.214590476,
2021-05-05,125196500,EUR,1,1.214590476,
2021-05-06,162616325,EUR,1,1.214590476,
2021-05-07,131118460,EUR,1,1.214590476,
2021-05-10,170377185,EUR,1,1.214590476,
2021-05-11,169653715,EUR,1,1.214590476,
2021-05-12,172239440,EUR,1,1.214590476,
2021-05-17,182741945,EUR,1,1.214590476,
2021-05-18,182610405,EUR,1,1.214590476,
2021-05-19,134209000,EUR,1,1.214590476,
2021-05-20,167187340,EUR,1,1.214590476,
2021-05-21,139734210,EUR,1,1.214590476,
2021-05-25,174586465,EUR,1,1.214590476,
2021-05-26,139230250,EUR,1,1.214590476,
2021-05-27,171363735,EUR,1,1.214590476,
2021-05-28,135413080,EUR,1,1.214590476,
2021-06-01,172909330,EUR,1,1.204709091,
2021-06-02,132612500,EUR,1,1.204709091,
2021-06-03,170673150,EUR,1,1.204709091,
2021-06-04,131357050,EUR,1,1.204709091,
2021-06-07,159689560,EUR,1,1.204709091,
2021-06-08,171100655,EUR,1,1.204709091,
2021-06-09,138277500,EUR,1,1.204709091,
2021-06-10,175277050,EUR,1,1.204709091,
2021-06-11,140821120,EUR,1,1.204709091,
2021-06-14,176263600,EUR,1,1.204709091,
2021-06-15,168305430,EUR,1,1.204709091,
2021-06-16,130887250,EUR,1,1.204709091,
2021-06-17,167187340,EUR,1,1.204709091,
2021-06-18,136553010,EUR,1,1.204709091,
2021-06-21,171297965,EUR,1,1.204709091,
2021-06-22,174191845,EUR,1,1.204709091,
2021-06-23,138071500,EUR,1,1.204709091,
2021-06-24,180374225,EUR,1,1.204709091,
2021-06-25,147634190,EUR,1,1.204709091,
2021-06-28,181064810,EUR,1,1.204709091,
2021-06-29,182233100,EUR,1,1.204709091,
2021-06-30,143092750,EUR,1,1.204709091,
2021-07-01,190765885,EUR,1,1.182181818,
2021-07-02,151398610,EUR,1,1.182181818,
2021-07-05,190437035,EUR,1,1.182181818,
2021-07-06,187937775,EUR,1,1.182181818,
2021-07-07,171659175,EUR,1,1.182181818,
2021-07-08,168009465,EUR,1,1.182181818,
2021-07-09,142756350,EUR,1,1.182181818,
2021-07-12,172646250,EUR,1,1.182181818,
2021-07-13,172448940,EUR,1,1.182181818,
2021-07-14,133900000,EUR,1,1.182181818,
2021-07-15,171922780,EUR,1,1.182181818,
2021-07-16,141377830,EUR,1,1.182181818,
2021-07-19,176099175,EUR,1,1.182181818,
2021-07-20,170146990,EUR,1,1.182181818,
2021-07-21,133127500,EUR,1,1.182181818,
2021-07-22,169160440,EUR,1,1.182181818,
2021-07-23,132894630,EUR,1,1.182181818,
2021-07-26,170311415,EUR,1,1.182181818,
2021-07-27,173632800,EUR,1,1.182181818,
2021-07-28,137633750,EUR,1,1.182181818,
2021-07-29,177644770,EUR,1,1.182181818,
2021-07-30,140503000,EUR,1,1.182181818,
2021-08-02,89789700,EUR,1,1.177181818,
2021-08-03,89082565,EUR,1,1.177181818,
2021-08-04,70812500,EUR,1,1.177181818,
2021-08-05,90184380,EUR,1,1.177181818,
2021-08-06,75182360,EUR,1,1.177181818,
2021-08-09,92092000,EUR,1,1.177181818,
2021-08-10,93900950,EUR,1,1.177181818,
2021-08-11,72988375,EUR,1,1.177181818,
2021-08-12,94328520,EUR,1,1.177181818,
2021-08-13,73697800,EUR,1,1.177181818,
2021-08-16,94032510,EUR,1,1.177181818,
2021-08-17,94394300,EUR,1,1.177181818,
2021-08-18,74288750,EUR,1,1.177181818,
2021-08-19,91779545,EUR,1,1.177181818,
2021-08-20,72107200,EUR,1,1.177181818,
2021-08-23,92009775,EUR,1,1.177181818,
2021-08-24,91631540,EUR,1,1.177181818,
2021-08-25,73647315,EUR,1,1.177181818,
2021-08-26,91450645,EUR,1,1.177181818,
2021-08-27,76402035,EUR,1,1.177181818,
2021-08-31,105763545,EUR,1,1.177181818,
2021-09-01,126655785,EUR,1,1.177031818,
2021-09-03,110556250,EUR,1,1.177031818,
2021-09-06,158149485,EUR,1,1.177031818,
2021-09-07,155231505,EUR,1,1.177031818,
2021-09-08,127978345,EUR,1,1.177031818,
2021-09-09,155910690,EUR,1,1.177031818,
2021-09-10,111639250,EUR,1,1.177031818,
2021-09-13,155734605,EUR,1,1.177031818,
2021-09-14,154728405,EUR,1,1.177031818,
2021-09-15,161521280,EUR,1,1.177031818,
2021-09-16,150653295,EUR,1,1.177031818,
2021-09-17,107578000,EUR,1,1.177031818,
2021-09-20,147805440,EUR,1,1.177031818,
2021-09-21,151709805,EUR,1,1.177031818,
2021-09-22,124031330,EUR,1,1.177031818,
2021-09-23,149546475,EUR,1,1.177031818,
2021-09-24,110538200,EUR,1,1.177031818,
2021-09-27,160992000,EUR,1,1.177031818,
2021-09-28,163507500,EUR,1,1.177031818,
2021-09-29,127771695,EUR,1,1.177031818,
2021-09-30,154376235,EUR,1,1.177031818,
2021-10-01,111982200,EUR,1,1.160147619,
2021-10-04,159885180,EUR,1,1.160147619,
2021-10-05,160136730,EUR,1,1.160147619,
2021-10-06,126800440,EUR,1,1.160147619,
2021-10-07,148389345,EUR,1,1.160147619,
2021-10-08,108155600,EUR,1,1.160147619,
2021-10-11,149244615,EUR,1,1.160147619,
2021-10-12,148062330,EUR,1,1.160147619,
2021-10-13,158475395,EUR,1,1.160147619,
2021-10-14,149496165,EUR,1,1.160147619,
2021-10-15,110123050,EUR,1,1.160147619,
2021-10-18,148037175,EUR,1,1.160147619,
2021-10-19,144842490,EUR,1,1.160147619,
2021-10-20,115724000,EUR,1,1.160147619,
2021-10-21,143635050,EUR,1,1.160147619,
2021-10-22,107397500,EUR,1,1.160147619,
2021-10-25,148263570,EUR,1,1.160147619,
2021-10-26,148313880,EUR,1,1.160147619,
2021-10-27,121758180,EUR,1,1.160147619,
2021-10-28,148238415,EUR,1,1.160147619,
2021-10-29,107217000,EUR,1,1.160147619,
2021-11-01,150879690,EUR,1,1.141404545,
2021-11-02,145395900,EUR,1,1.141404545,
2021-11-03,123535370,EUR,1,1.141404545,
2021-11-04,150452055,EUR,1,1.141404545,
2021-11-05,110195250,EUR,1,1.141404545,
2021-11-08,151080930,EUR,1,1.141404545,
2021-11-09,151206705,EUR,1,1.141404545,
2021-11-10,162255280,EUR,1,1.141404545,
2021-11-11,156740805,EUR,1,1.141404545,
2021-11-12,114671650,EUR,1,1.141404545,
2021-11-15,161998200,EUR,1,1.141404545,
2021-11-16,169796250,EUR,1,1.141404545,
2021-11-17,138744810,EUR,1,1.141404545,
2021-11-18,167305905,EUR,1,1.141404545,
2021-11-19,124924050,EUR,1,1.141404545,
2021-11-22,175330350,EUR,1,1.141404545,
2021-11-23,175783140,EUR,1,1.141404545,
2021-11-24,143642415,EUR,1,1.141404545,
2021-11-25,181493325,EUR,1,1.141404545,
2021-11-26,129869750,EUR,1,1.141404545,
2021-11-29,187354440,EUR,1,1.141404545,
2021-11-30,188209710,EUR,1,1.141404545,
2021-12-01,157839270,EUR,1,1.130378261,
2021-12-02,193945050,EUR,1,1.130378261,
2021-12-03,142161800,EUR,1,1.130378261,
2021-12-06,201240000,EUR,1,1.130378261,
2021-12-07,208459485,EUR,1,1.130378261,
2021-12-08,180715425,EUR,1,1.130378261,
2021-12-09,213641415,EUR,1,1.130378261,
2021-12-10,144093150,EUR,1,1.130378261,
2021-12-13,213817500,EUR,1,1.130378261,
2021-12-14,201214845,EUR,1,1.130378261,
2021-12-15,164447460,EUR,1,1.130378261,
2021-12-16,202497750,EUR,1,1.130378261,
2021-12-17,148666875,EUR,1,1.130378261,
2021-12-20,189594225,EUR,1,1.130378261,
2022-01-10,202556790,EUR,1,1.131447619,
2022-01-11,200573100,EUR,1,1.131447619,
2022-01-13,193593450,EUR,1,1.131447619,
2022-01-14,158474880,EUR,1,1.131447619,
2022-01-17,196434290,EUR,1,1.131447619,
2022-01-18,194009780,EUR,1,1.131447619,
2022-01-19,214500600,EUR,1,1.131447619,
2022-01-20,197879200,EUR,1,1.131447619,
2022-01-21,163354320,EUR,1,1.131447619,
2022-01-24,210001750,EUR,1,1.131447619,
2022-01-25,206891520,EUR,1,1.131447619,
2022-01-27,216760990,EUR,1,1.131447619,
2022-01-28,173502000,EUR,1,1.131447619,
2022-01-31,215585470,EUR,1,1.131447619,
2022-02-02,243499380,EUR,1,1.13419,
2022-02-03,283694300,EUR,1,1.13419,
2022-02-04,183999600,EUR,1,1.13419,
2022-02-07,286297000,EUR,1,1.13419,
2022-02-08,298575620,EUR,1,1.13419,
2022-02-09,57918000,EUR,1,1.13419,
2022-02-10,277145400,EUR,1,1.13419,
2022-02-11,174921120,EUR,1,1.13419,
2022-02-14,222197770,EUR,1,1.13419,
2022-02-15,221267150,EUR,1,1.13419,
2022-02-16,234036900,EUR,1,1.13419,
2022-02-17,214287500,EUR,1,1.13419,
2022-02-18,170391600,EUR,1,1.13419,
2022-02-21,215487510,EUR,1,1.13419,
2022-02-22,216491600,EUR,1,1.13419,
2022-02-23,102868800,EUR,1,1.13419,
2022-02-24,215512000,EUR,1,1.13419,
2022-02-25,168933600,EUR,1,1.13419,
2022-02-28,198173080,EUR,1,1.13419,
2022-03-01,195822040,EUR,1,1.101895652,
2022-03-03,156417630,EUR,1,1.101895652,
2022-03-04,130675680,EUR,1,1.101895652,
2022-03-07,141821590,EUR,1,1.101895652,
2022-03-08,151862490,EUR,1,1.101895652,
2022-03-10,171527960,EUR,1,1.101895652,
2022-03-11,148716000,EUR,1,1.101895652,
2022-03-14,192491400,EUR,1,1.101895652,
2022-03-15,185021950,EUR,1,1.101895652,
2022-03-16,250018125,EUR,1,1.101895652,
2022-03-17,188254630,EUR,1,1.101895652,
2022-03-18,153984240,EUR,1,1.101895652,
2022-03-21,194905440,EUR,1,1.101895652,
2022-03-22,198138825,EUR,1,1.101895652,
2022-03-24,190946125,EUR,1,1.101895652,
2022-03-25,152604000,EUR,1,1.101895652,
2022-03-28,202424940,EUR,1,1.101895652,
2022-03-29,201798315,EUR,1,1.101895652,
2022-03-30,256563450,EUR,1,1.101895652,
2022-03-31,198640125,EUR,1,1.101895652,
2022-04-01,151632000,EUR,1,1.081873684,
2022-04-04,194253750,EUR,1,1.081873684,
2022-04-05,196334145,EUR,1,1.081873684,
2022-04-06,47004000,EUR,1,1.081873684,
2022-04-07,193326345,EUR,1,1.081873684,
2022-04-08,155928240,EUR,1,1.081873684,
2022-04-11,198063630,EUR,1,1.081873684,
2022-04-12,193902840,EUR,1,1.081873684,
2022-04-13,256729575,EUR,1,1.081873684,
2022-04-14,197512200,EUR,1,1.081873684,
2022-04-19,199016100,EUR,1,1.081873684,
2022-04-21,215308350,EUR,1,1.081873684,
2022-04-22,169905600,EUR,1,1.081873684,
2022-04-25,215082765,EUR,1,1.081873684,
2022-04-26,209117295,EUR,1,1.081873684,
2022-04-27,265766775,EUR,1,1.081873684,
2022-04-28,201898575,EUR,1,1.081873684,
2022-04-29,161079840,EUR,1,1.081873684,
2022-05-02,207638460,EUR,1,1.05785,
2022-05-03,211172625,EUR,1,1.05785,
2022-05-05,220070700,EUR,1,1.05785,
2022-05-06,176456880,EUR,1,1.05785,
2022-05-09,225860715,EUR,1,1.05785,
2022-05-10,216812250,EUR,1,1.05785,
2022-05-11,236562000,EUR,1,1.05785,
2022-05-12,217940175,EUR,1,1.05785,
2022-05-13,172530000,EUR,1,1.05785,
2022-05-16,222602265,EUR,1,1.05785,
2022-05-17,226412145,EUR,1,1.05785,
2022-05-18,9553875,EUR,1,1.05785,
2022-05-19,206234820,EUR,1,1.05785,
2022-05-20,157755600,EUR,1,1.05785,
2022-05-23,197913240,EUR,1,1.05785,
2022-05-24,197712720,EUR,1,1.05785,
2022-05-25,213782940,EUR,1,1.05785,
2022-05-30,209919375,EUR,1,1.05785,
2022-05-31,209618595,EUR,1,1.05785,
2022-06-07,187519395,EUR,1,1.056581818,
2022-06-08,210274380,EUR,1,1.056581818,
2022-06-09,184122055,EUR,1,1.056581818,
2022-06-10,156939120,EUR,1,1.056581818,
2022-06-13,183869550,EUR,1,1.056581818,
2022-06-14,188942605,EUR,1,1.056581818,
2022-06-15,50670000,EUR,1,1.056581818,
2022-06-16,197298225,EUR,1,1.056581818,
2022-06-17,161352000,EUR,1,1.056581818,
2022-06-20,191697205,EUR,1,1.056581818,
2022-06-21,193418830,EUR,1,1.056581818,
2022-06-22,220773480,EUR,1,1.056581818,
2022-06-23,186096185,EUR,1,1.056581818,
2022-06-24,161157600,EUR,1,1.056581818,
2022-06-27,190549455,EUR,1,1.056581818,
2022-06-28,194146110,EUR,1,1.056581818,
2022-06-30,202049910,EUR,1,1.056581818,
2022-07-01,171499680,EUR,1,1.017890476,
2022-07-04,193602470,EUR,1,1.017890476,
2022-07-05,191398790,EUR,1,1.017890476,
2022-07-06,219630540,EUR,1,1.017890476,
2022-07-07,191352880,EUR,1,1.017890476,
2022-07-08,160632720,EUR,1,1.017890476,
2022-07-11,191444700,EUR,1,1.017890476,
2022-07-12,192569495,EUR,1,1.017890476,
2022-07-14,190526500,EUR,1,1.017890476,
2022-07-15,162732240,EUR,1,1.017890476,
2022-07-18,191284015,EUR,1,1.017890476,
2022-07-19,191926755,EUR,1,1.017890476,
2022-07-20,215882760,EUR,1,1.017890476,
2022-07-21,178130800,EUR,1,1.017890476,
2022-07-22,151748640,EUR,1,1.017890476,
2022-07-25,174664595,EUR,1,1.017890476,
2022-07-26,175628705,EUR,1,1.017890476,
2022-07-28,176937140,EUR,1,1.017890476,
2022-07-29,151554240,EUR,1,1.017890476,
2022-08-01,91146750,EUR,1,1.012843478,
2022-08-02,92304715,EUR,1,1.012843478,
2022-08-03,110905050,EUR,1,1.012843478,
2022-08-04,96088165,EUR,1,1.012843478,
2022-08-05,82134000,EUR,1,1.012843478,
2022-08-08,96993900,EUR,1,1.012843478,
2022-08-09,96374790,EUR,1,1.012843478,
2022-08-11,99000275,EUR,1,1.012843478,
2022-08-12,84855600,EUR,1,1.012843478,
2022-08-15,102611750,EUR,1,1.012843478,
2022-08-16,103918760,EUR,1,1.012843478,
2022-08-17,125019030,EUR,1,1.012843478,
2022-08-18,107771000,EUR,1,1.012843478,
2022-08-19,94157640,EUR,1,1.012843478,
2022-08-22,111783750,EUR,1,1.012843478,
2022-08-23,106074180,EUR,1,1.012843478,
2022-08-25,102382450,EUR,1,1.012843478,
2022-08-26,87947920,EUR,1,1.012843478,
2022-08-29,101820665,EUR,1,1.012843478,
2022-08-30,110285915,EUR,1,1.012843478,
2022-08-31,105372120,EUR,1,1.012843478,
2022-09-01,193333605,EUR,1,0.990377273,
2022-09-02,145960215,EUR,1,0.990377273,
2022-09-05,185149375,EUR,1,0.990377273,
2022-09-06,178371025,EUR,1,0.990377273,
2022-09-07,41436000,EUR,1,0.990377273,
2022-09-09,121388415,EUR,1,0.990377273,
2022-09-12,165592580,EUR,1,0.990377273,
2022-09-13,176940040,EUR,1,0.990377273,
2022-09-14,211801435,EUR,1,0.990377273,
2022-09-15,177843820,EUR,1,0.990377273,
2022-09-16,132166500,EUR,1,0.990377273,
2022-09-19,178521655,EUR,1,0.990377273,
2022-09-20,176688990,EUR,1,0.990377273,
2022-09-21,65392310,EUR,1,0.990377273,
2022-09-22,175503620,EUR,1,0.990377273,
2022-09-23,125762940,EUR,1,0.990377273,
2022-09-26,165743210,EUR,1,0.990377273,
2022-09-27,169960850,EUR,1,0.990377273,
2022-09-28,200698065,EUR,1,0.990377273,
2022-09-29,162429350,EUR,1,0.990377273,
2022-09-30,124478505,EUR,1,0.990377273,
2022-10-03,161801725,EUR,1,0.982566667,
2022-10-04,166119785,EUR,1,0.982566667,
2022-10-06,165090480,EUR,1,0.982566667,
2022-10-07,125688480,EUR,1,0.982566667,
2022-10-10,168228605,EUR,1,0.982566667,
2022-10-11,166546570,EUR,1,0.982566667,
2022-10-12,203954640,EUR,1,0.982566667,
2022-10-13,167324825,EUR,1,0.982566667,
2022-10-14,126023550,EUR,1,0.982566667,
2022-10-17,166320625,EUR,1,0.982566667,
2022-10-18,168479655,EUR,1,0.982566667,
2022-10-19,40245630,EUR,1,0.982566667,
2022-10-20,168228605,EUR,1,0.982566667,
2022-10-21,126395850,EUR,1,0.982566667,
2022-10-24,170764210,EUR,1,0.982566667,
2022-10-25,186203785,EUR,1,0.982566667,
2022-10-26,237295765,EUR,1,0.982566667,
2022-10-27,193559550,EUR,1,0.982566667,
2022-10-28,150334740,EUR,1,0.982566667,
2022-10-31,197551245,EUR,1,0.982566667,
2022-11-01,197726980,EUR,1,1.020127273,
2022-11-03,192379615,EUR,1,1.020127273,
2022-11-04,145457610,EUR,1,1.020127273,
2022-11-07,192680875,EUR,1,1.020127273,
2022-11-08,190848210,EUR,1,1.020127273,
2022-11-09,233698025,EUR,1,1.020127273,
2022-11-10,179802010,EUR,1,1.020127273,
2022-11-11,136503795,EUR,1,1.020127273,
2022-11-14,187910925,EUR,1,1.020127273,
2022-11-15,188111765,EUR,1,1.020127273,
2022-11-16,44698500,EUR,1,1.020127273,
2022-11-17,184044755,EUR,1,1.020127273,
2022-11-18,134437530,EUR,1,1.020127273,
2022-11-21,184170280,EUR,1,1.020127273,
2022-11-22,184622170,EUR,1,1.020127273,
2022-11-23,229759120,EUR,1,1.020127273,
2022-11-24,192404720,EUR,1,1.020127273,
2022-11-25,147728640,EUR,1,1.020127273,
2022-11-28,194839905,EUR,1,1.020127273,
2022-11-29,198028240,EUR,1,1.020127273,
2022-12-01,216179155,EUR,1,1.058880952,
2022-12-02,158618415,EUR,1,1.058880952,
2022-12-05,215124745,EUR,1,1.058880952,
2022-12-06,217108040,EUR,1,1.058880952,
2022-12-07,269917500,EUR,1,1.058880952,
2022-12-08,220698055,EUR,1,1.058880952,
2022-12-09,164295990,EUR,1,1.058880952,
2022-12-12,221802675,EUR,1,1.058880952,
2022-12-13,223459605,EUR,1,1.058880952,
2022-12-15,216304680,EUR,1,1.058880952,
2022-12-16,155601355,EUR,1,1.058880952,
2022-12-19,216010850,EUR,1,1.058880952,
2023-01-09,181325430,EUR,1,1.0769,
2023-01-10,189371490,EUR,1,1.0769,
2023-01-12,185011200,EUR,1,1.0769,
2023-01-13,148216590,EUR,1,1.0769,
2023-01-16,180795450,EUR,1,1.0769,
2023-01-17,180771360,EUR,1,1.0769,
2023-01-18,204045000,EUR,1,1.0769,
2023-01-19,197682540,EUR,1,1.0769,
2023-01-20,157118895,EUR,1,1.0769,
2023-01-23,196381680,EUR,1,1.0769,
2023-01-24,194839920,EUR,1,1.0769,
2023-01-25,60713895,EUR,1,1.0769,
2023-01-26,201175590,EUR,1,1.0769,
2023-01-27,168174045,EUR,1,1.0769,
2023-01-30,205246800,EUR,1,1.0769,
2023-01-31,208812120,EUR,1,1.0769,
2023-02-01,245951160,EUR,1,1.07151,
2023-02-02,225241500,EUR,1,1.07151,
2023-02-03,176785425,EUR,1,1.07151,
2023-02-06,221098020,EUR,1,1.07151,
2023-02-07,210835680,EUR,1,1.07151,
2023-02-09,210450240,EUR,1,1.07151,
2023-02-10,173973150,EUR,1,1.07151,
2023-02-13,214063740,EUR,1,1.07151,
2023-02-14,216713640,EUR,1,1.07151,
2023-02-15,234819000,EUR,1,1.07151,
2023-02-16,223675650,EUR,1,1.07151,
2023-02-17,181711755,EUR,1,1.07151,
2023-02-20,225795570,EUR,1,1.07151,
2023-02-21,229698150,EUR,1,1.07151,
2023-02-23,224663340,EUR,1,1.07151,
2023-02-24,185862285,EUR,1,1.07151,
2023-02-27,229144080,EUR,1,1.07151,
2023-02-28,232058970,EUR,1,1.07151,
2023-03-01,256601640,EUR,1,1.070582609,
2023-03-02,224639250,EUR,1,1.070582609,
2023-03-03,172246995,EUR,1,1.070582609,
2023-03-06,219243090,EUR,1,1.070582609,
2023-03-07,220568040,EUR,1,1.070582609,
2023-03-09,229890870,EUR,1,1.070582609,
2023-03-10,184562820,EUR,1,1.070582609,
2023-03-13,227313240,EUR,1,1.070582609,
2023-03-14,222447060,EUR,1,1.070582609,
2023-03-15,241669560,EUR,1,1.070582609,
2023-03-16,200549250,EUR,1,1.070582609,
2023-03-17,167766750,EUR,1,1.070582609,
2023-03-20,198646140,EUR,1,1.070582609,
2023-03-21,209920260,EUR,1,1.070582609,
2023-03-22,66801570,EUR,1,1.070582609,
2023-03-23,212774835,EUR,1,1.070582609,
2023-03-24,170850555,EUR,1,1.070582609,
2023-03-27,205198620,EUR,1,1.070582609,
2023-03-28,208474860,EUR,1,1.070582609,
2023-03-29,233240160,EUR,1,1.070582609,
2023-03-30,210594780,EUR,1,1.070582609,
2023-03-31,171859095,EUR,1,1.070582609,
2023-04-03,216376380,EUR,1,1.096772222,
2023-04-04,226735080,EUR,1,1.096772222,
2023-04-06,227168700,EUR,1,1.096772222,
2023-04-11,230107680,EUR,1,1.096772222,
2023-04-12,251276400,EUR,1,1.096772222,
2023-04-13,218038590,EUR,1,1.096772222,
2023-04-14,179015850,EUR,1,1.096772222,
2023-04-17,218134950,EUR,1,1.096772222,
2023-04-18,218134950,EUR,1,1.096772222,
2023-04-20,218448120,EUR,1,1.096772222,
2023-04-21,171839700,EUR,1,1.096772222,
2023-04-24,206451300,EUR,1,1.096772222,
2023-04-25,204114570,EUR,1,1.096772222,
2023-04-26,222937560,EUR,1,1.096772222,
2023-04-27,204765000,EUR,1,1.096772222,
2023-04-28,162918000,EUR,1,1.096772222,
2023-05-02,200525160,EUR,1,1.08675,
2023-05-04,198092070,EUR,1,1.08675,
2023-05-05,163655010,EUR,1,1.08675,
2023-05-08,199922910,EUR,1,1.08675,
2023-05-09,201970560,EUR,1,1.08675,
2023-05-10,229734600,EUR,1,1.08675,
2023-05-11,208980750,EUR,1,1.08675,
2023-05-12,168096465,EUR,1,1.08675,
2023-05-15,206451300,EUR,1,1.08675,
2023-05-16,204885450,EUR,1,1.08675,
2023-05-17,66367290,EUR,1,1.08675,
2023-05-22,205246800,EUR,1,1.08675,
2023-05-23,203126880,EUR,1,1.08675,
2023-05-24,222108000,EUR,1,1.08675,
2023-05-25,195418080,EUR,1,1.08675,
2023-05-26,157312845,EUR,1,1.08675,
2023-05-30,192214110,EUR,1,1.08675,
2023-06-01,189395580,EUR,1,1.083986364,
2023-06-02,151668900,EUR,1,1.083986364,
2023-06-05,189226950,EUR,1,1.083986364,
2023-06-06,192888630,EUR,1,1.083986364,
2023-06-07,209397000,EUR,1,1.083986364,
2023-06-08,196429860,EUR,1,1.083986364,
2023-06-09,161191845,EUR,1,1.083986364,
2023-06-12,201031050,EUR,1,1.083986364,
2023-06-13,208233960,EUR,1,1.083986364,
2023-06-15,220833030,EUR,1,1.083986364,
2023-06-16,173197350,EUR,1,1.083986364,
2023-06-19,217195440,EUR,1,1.083986364,
2023-06-20,220543950,EUR,1,1.083986364,
2023-06-21,241776600,EUR,1,1.083986364,
2023-06-22,209847990,EUR,1,1.083986364,
2023-06-23,172421550,EUR,1,1.083986364,
2023-06-26,207198090,EUR,1,1.083986364,
2023-06-27,205693500,EUR,1,1.083986364,
2023-06-29,208619400,EUR,1,1.083986364,
2023-06-30,165458745,EUR,1,1.083986364,
2023-07-03,231538380,EUR,1,1.105814286,
2023-07-04,225930000,EUR,1,1.105814286,
2023-07-05,227031840,EUR,1,1.105814286,
2023-07-06,223750440,EUR,1,1.105814286,
2023-07-07,164508390,EUR,1,1.105814286,
2023-07-10,225930000,EUR,1,1.105814286,
2023-07-11,222261960,EUR,1,1.105814286,
2023-07-12,66165660,EUR,1,1.105814286,
2023-07-13,223936500,EUR,1,1.105814286,
2023-07-14,165846645,EUR,1,1.105814286,
2023-07-17,225185760,EUR,1,1.105814286,
2023-07-18,225664200,EUR,1,1.105814286,
2023-07-19,230216280,EUR,1,1.105814286,
2023-07-20,233266080,EUR,1,1.105814286,
2023-07-21,173313720,EUR,1,1.105814286,
2023-07-24,240017400,EUR,1,1.105814286,
2023-07-25,239884500,EUR,1,1.105814286,
2023-07-27,233957160,EUR,1,1.105814286,
2023-07-28,169376535,EUR,1,1.105814286,
2023-07-31,230315700,EUR,1,1.105814286,
2023-08-01,112553010,EUR,1,1.090886957,
2023-08-02,109555440,EUR,1,1.090886957,
2023-08-03,110998080,EUR,1,1.090886957,
2023-08-04,80830100,EUR,1,1.090886957,
2023-08-07,109350120,EUR,1,1.090886957,
2023-08-08,108260340,EUR,1,1.090886957,
2023-08-10,109296960,EUR,1,1.090886957,
2023-08-11,81674000,EUR,1,1.090886957,
2023-08-14,113416860,EUR,1,1.090886957,
2023-08-15,115237590,EUR,1,1.090886957,
2023-08-16,116419380,EUR,1,1.090886957,
2023-08-17,115410360,EUR,1,1.090886957,
2023-08-18,84079600,EUR,1,1.090886957,
2023-08-21,114294000,EUR,1,1.090886957,
2023-08-22,116765940,EUR,1,1.090886957,
2023-08-24,113642790,EUR,1,1.090886957,
2023-08-25,83490750,EUR,1,1.090886957,
2023-08-28,112566300,EUR,1,1.090886957,
2023-08-29,112486560,EUR,1,1.090886957,
2023-08-30,113704365,EUR,1,1.090886957,
2023-08-31,135249880,EUR,1,1.090886957,
2023-09-01,180348000,EUR,1,1.068380952,
2023-09-04,253221410,EUR,1,1.068380952,
2023-09-05,253191055,EUR,1,1.068380952,
2023-09-08,176247230,EUR,1,1.068380952,
2023-09-11,245814790,EUR,1,1.068380952,
2023-09-12,244661300,EUR,1,1.068380952,
2023-09-13,269473750,EUR,1,1.068380952,
2023-09-14,247969995,EUR,1,1.068380952,
2023-09-15,176762510,EUR,1,1.068380952,
2023-09-18,243629230,EUR,1,1.068380952,
2023-09-19,241322250,EUR,1,1.068380952,
2023-09-20,61884900,EUR,1,1.068380952,
2023-09-21,248324970,EUR,1,1.068380952,
2023-09-22,180412410,EUR,1,1.068380952,
2023-09-25,254739160,EUR,1,1.068380952,
2023-09-26,250246620,EUR,1,1.068380952,
2023-09-27,272386075,EUR,1,1.068380952,
2023-09-28,248607450,EUR,1,1.068380952,
2023-09-29,175302550,EUR,1,1.068380952,
2023-10-02,245723725,EUR,1,1.056254545,
2023-10-03,240320535,EUR,1,1.056254545,
2023-10-04,78780000,EUR,1,1.056254545,
2023-10-05,244357750,EUR,1,1.056254545,
2023-10-06,171652650,EUR,1,1.056254545,
2023-10-09,244145265,EUR,1,1.056254545,
2023-10-10,248364610,EUR,1,1.056254545,
2023-10-11,276771300,EUR,1,1.056254545,
2023-10-12,253008925,EUR,1,1.056254545,
2023-10-13,181657670,EUR,1,1.056254545,
2023-10-16,253160700,EUR,1,1.056254545,
2023-10-17,247969995,EUR,1,1.056254545,
2023-10-18,74120040,EUR,1,1.056254545,
2023-10-19,242809645,EUR,1,1.056254545,
2023-10-20,174314930,EUR,1,1.056254545,
2023-10-23,242597160,EUR,1,1.056254545,
2023-10-24,244054200,EUR,1,1.056254545,
2023-10-25,267297875,EUR,1,1.056254545,
2023-10-26,241261540,EUR,1,1.056254545,
2023-10-27,170493270,EUR,1,1.056254545,
2023-10-30,242172190,EUR,1,1.056254545,
2023-10-31,235706575,EUR,1,1.056254545,
2023-11-02,236404740,EUR,1,1.080822727,
2023-11-03,168217450,EUR,1,1.080822727,
2023-11-06,230758710,EUR,1,1.080822727,
2023-11-07,229423090,EUR,1,1.080822727,
2023-11-08,249589600,EUR,1,1.080822727,
2023-11-09,229939125,EUR,1,1.080822727,
2023-11-10,164159620,EUR,1,1.080822727,
2023-11-13,233763855,EUR,1,1.080822727,
2023-11-14,232580010,EUR,1,1.080822727,
2023-11-15,60898425,EUR,1,1.080822727,
2023-11-16,239804500,EUR,1,1.080822727,
2023-11-17,164352850,EUR,1,1.080822727,
2023-11-20,231760425,EUR,1,1.080822727,
2023-11-21,229756995,EUR,1,1.080822727,
2023-11-22,250526900,EUR,1,1.080822727,
2023-11-23,226144750,EUR,1,1.080822727,
2023-11-24,162957300,EUR,1,1.080822727,
2023-11-27,226357235,EUR,1,1.080822727,
2023-11-28,217675705,EUR,1,1.080822727,
2023-11-30,214883045,EUR,1,1.080822727,
2023-12-01,153403150,EUR,1,1.090305263,
2023-12-04,216552570,EUR,1,1.090305263,
2023-12-05,212302870,EUR,1,1.090305263,
2023-12-06,230178500,EUR,1,1.090305263,
2023-12-07,208720980,EUR,1,1.090305263,
2023-12-08,149946480,EUR,1,1.090305263,
2023-12-11,205867610,EUR,1,1.090305263,
2023-12-12,202528560,EUR,1,1.090305263,
2023-12-13,11814150,EUR,1,1.090305263,
2023-12-14,207779975,EUR,1,1.090305263,
2023-12-15,143256600,EUR,1,1.090305263,
2023-12-18,202229335,EUR,1,1.090305263,
2024-01-15,196818250,EUR,1,1.090513636,
2024-01-16,195888400,EUR,1,1.090513636,
2024-01-17,145437600,EUR,1,1.090513636,
2024-01-18,189937360,EUR,1,1.090513636,
2024-01-19,111226280,EUR,1,1.090513636,
2024-01-22,185164130,EUR,1,1.090513636,
2024-01-23,187674725,EUR,1,1.090513636,
2024-01-24,56172000,EUR,1,1.090513636,
2024-01-25,192014025,EUR,1,1.090513636,
2024-01-26,111262200,EUR,1,1.090513636,
2024-01-29,188480595,EUR,1,1.090513636,
2024-01-30,185412090,EUR,1,1.090513636,
2024-01-31,143843700,EUR,1,1.090513636,
2024-02-01,189348455,EUR,1,1.079471429,
2024-02-02,109412320,EUR,1,1.079471429,
2024-02-05,188077660,EUR,1,1.079471429,
2024-02-06,186744875,EUR,1,1.079471429,
2024-02-08,185505075,EUR,1,1.079471429,
2024-02-09,102803040,EUR,1,1.079471429,
2024-02-12,173076080,EUR,1,1.079471429,
2024-02-13,168116880,EUR,1,1.079471429,
2024-02-14,124901700,EUR,1,1.079471429,
2024-02-15,170069565,EUR,1,1.079471429,
2024-02-16,98995520,EUR,1,1.079471429,
2024-02-19,164273500,EUR,1,1.079471429,
2024-02-20,160554100,EUR,1,1.079471429,
2024-02-22,159779225,EUR,1,1.079471429,
2024-02-23,88902000,EUR,1,1.079471429,
2024-02-26,156989675,EUR,1,1.079471429,
2024-02-27,158446440,EUR,1,1.079471429,
2024-02-28,126911400,EUR,1,1.079471429,
2024-02-29,170162550,EUR,1,1.079471429,
2024-03-01,96265600,EUR,1,1.08722,
2024-03-04,160430120,EUR,1,1.08722,
2024-03-05,183304430,EUR,1,1.08722,
2024-03-07,176485530,EUR,1,1.08722,
2024-03-08,102551600,EUR,1,1.08722,
2024-03-11,168705785,EUR,1,1.08722,
2024-03-12,168023895,EUR,1,1.08722,
2024-03-13,126865200,EUR,1,1.08722,
2024-03-14,168147875,EUR,1,1.08722,
2024-03-15,103719000,EUR,1,1.08722,
2024-03-18,184172290,EUR,1,1.08722,
2024-03-19,182870500,EUR,1,1.08722,
2024-03-20,52457400,EUR,1,1.08722,
2024-03-21,180061000,EUR,1,1.08722,
2024-03-22,104042280,EUR,1,1.08722,
2024-03-25,192447955,EUR,1,1.08722,
2024-03-26,196043375,EUR,1,1.08722,
2024-03-27,139893600,EUR,1,1.08722,
2024-03-28,185536070,EUR,1,1.08722,
2024-04-02,176888465,EUR,1,1.07277619,
2024-04-04,174718815,EUR,1,1.07277619,
2024-04-05,102677320,EUR,1,1.07277619,
2024-04-08,181041795,EUR,1,1.07277619,
2024-04-09,189999350,EUR,1,1.07277619,
2024-04-10,145530000,EUR,1,1.07277619,
2024-04-11,196570290,EUR,1,1.07277619,
2024-04-12,122145960,EUR,1,1.07277619,
2024-04-15,211292915,EUR,1,1.07277619,
2024-04-16,218855695,EUR,1,1.07277619,
2024-04-18,208131425,EUR,1,1.07277619,
2024-04-19,121714920,EUR,1,1.07277619,
2024-04-22,201777450,EUR,1,1.07277619,
2024-04-23,199235860,EUR,1,1.07277619,
2024-04-24,150958500,EUR,1,1.07277619,
2024-04-25,201715460,EUR,1,1.07277619,
2024-04-26,117925360,EUR,1,1.07277619,
2024-04-29,196880240,EUR,1,1.07277619,
2024-04-30,202273370,EUR,1,1.07277619,
2024-05-02,211075950,EUR,1,1.081222727,
2024-05-03,127839280,EUR,1,1.081222727,
2024-05-06,217894850,EUR,1,1.081222727,
2024-05-07,214361420,EUR,1,1.081222727,
2024-05-08,159366900,EUR,1,1.081222727,
2024-05-13,212253760,EUR,1,1.081222727,
2024-05-14,209743165,EUR,1,1.081222727,
2024-05-15,62831100,EUR,1,1.081222727,
2024-05-16,211571870,EUR,1,1.081222727,
2024-05-17,124750160,EUR,1,1.081222727,
2024-05-20,220808380,EUR,1,1.081222727,
2024-05-21,222544100,EUR,1,1.081222727,
2024-05-22,171656100,EUR,1,1.081222727,
2024-05-23,232152550,EUR,1,1.081222727,
2024-05-24,130748800,EUR,1,1.081222727,
2024-05-28,225953550,EUR,1,1.081222727,
2024-05-30,223164000,EUR,1,1.081222727,
2024-05-31,133784040,EUR,1,1.081222727,
2024-06-03,233547325,EUR,1,1.0759,
2024-06-04,221614250,EUR,1,1.0759,
2024-06-05,162393000,EUR,1,1.0759,
2024-06-06,220064500,EUR,1,1.0759,
2024-06-07,125540400,EUR,1,1.0759,
2024-06-10,210208090,EUR,1,1.0759,
2024-06-11,217925845,EUR,1,1.0759,
2024-06-13,216252115,EUR,1,1.0759,
2024-06-14,122864360,EUR,1,1.0759,
2024-06-17,206612670,EUR,1,1.0759,
2024-06-18,207573515,EUR,1,1.0759,
2024-06-19,156502500,EUR,1,1.0759,
2024-06-20,212965440,EUR,1,1.0759,
2024-06-21,120978560,EUR,1,1.0759,
2024-06-24,204752970,EUR,1,1.0759,
2024-06-25,204381030,EUR,1,1.0759,
2024-06-27,205093915,EUR,1,1.0759,
2024-06-28,116757960,EUR,1,1.0759,
2024-07-01,210239085,EUR,1,1.120523509,
2024-07-02,206767645,EUR,1,1.120523509,
2024-07-03,159020400,EUR,1,1.120523509,
2024-07-04,212966645,EUR,1,1.120523509,
2024-07-05,123349280,EUR,1,1.120523509,
2024-07-08,216965000,EUR,1,1.120523509,
2024-07-09,207263565,EUR,1,1.120523509,
2024-07-10,61082520,EUR,1,1.120523509,
2024-07-11,206798640,EUR,1,1.120523509,
2024-07-12,120439760,EUR,1,1.120523509,
2024-07-15,206519685,EUR,1,1.120523509,
2024-07-16,205062920,EUR,1,1.120523509,
2024-07-17,153984600,EUR,1,1.120523509,
2024-07-18,201343520,EUR,1,1.120523509,
2024-07-19,116255080,EUR,1,1.120523509,
2024-07-22,199514815,EUR,1,1.120523509,
2024-07-23,197345165,EUR,1,1.120523509,
2024-07-25,206767645,EUR,1,1.120523509,
2024-07-26,119128680,EUR,1,1.120523509,
2024-07-29,208193415,EUR,1,1.120523509,
2024-07-30,206271725,EUR,1,1.120523509,
2024-07-31,156733500,EUR,1,1.120523509,
2024-08-01,210982965,EUR,1,1.166425605,
2024-08-02,125288960,EUR,1,1.166425605,
2024-08-05,207728490,EUR,1,1.166425605,
2024-08-06,212780675,EUR,1,1.166425605,
2024-08-08,213555550,EUR,1,1.166425605,
2024-08-09,126546160,EUR,1,1.166425605,
2024-08-12,220529425,EUR,1,1.166425605,
2024-08-13,219506590,EUR,1,1.166425605,
2024-08-14,163062900,EUR,1,1.166425605,
2024-08-15,216500075,EUR,1,1.166425605,
2024-08-16,127516000,EUR,1,1.166425605,
2024-08-19,221614250,EUR,1,1.166425605,
2024-08-20,224403800,EUR,1,1.166425605,
2024-08-22,220126490,EUR,1,1.166425605,
2024-08-23,127031080,EUR,1,1.166425605,
2024-08-26,214733360,EUR,1,1.166425605,
2024-08-27,217491915,EUR,1,1.166425605,
2024-08-28,162847265,EUR,1,1.166425605,
2024-08-29,217187500,EUR,1,1.166425605,
2024-08-30,126826700,EUR,1,1.166425605,
2024-09-02,227823750,EUR,1,1.180226485,
2024-09-03,225391000,EUR,1,1.180226485,
2024-09-05,216942125,EUR,1,1.180226485,
2024-09-06,126395500,EUR,1,1.180226485,
2024-09-09,216153125,EUR,1,1.180226485,
2024-09-10,216416125,EUR,1,1.180226485,
2024-09-11,183469125,EUR,1,1.180226485,
2024-09-12,214016250,EUR,1,1.180226485,
2024-09-13,122414985,EUR,1,1.180226485,
2024-09-16,213490250,EUR,1,1.180226485,
2024-09-17,206159125,EUR,1,1.180226485,
2024-09-18,56896800,EUR,1,1.180226485,
2024-09-19,209144180,EUR,1,1.180226485,
2024-09-20,119189070,EUR,1,1.180226485,
2024-09-23,210400000,EUR,1,1.180226485,
2024-09-24,210104125,EUR,1,1.180226485,
2024-09-25,180068925,EUR,1,1.180226485,
2024-09-26,210005500,EUR,1,1.180226485,
2024-09-27,123471425,EUR,1,1.180226485,
2024-09-30,215955875,EUR,1,1.180226485,
2024-10-01,207737125,EUR,1,1.090434783,
2024-10-02,58267585,EUR,1,1.090434783,
2024-10-03,203890750,EUR,1,1.090434783,
2024-10-04,115133095,EUR,1,1.090434783,
2024-10-07,197743125,EUR,1,1.090434783,
2024-10-08,196756875,EUR,1,1.090434783,
2024-10-09,173353530,EUR,1,1.090434783,
2024-10-10,208098750,EUR,1,1.090434783,
2024-10-11,120188915,EUR,1,1.090434783,
2024-10-14,213687500,EUR,1,1.090434783,
2024-10-15,210663000,EUR,1,1.090434783,
2024-10-16,68052540,EUR,1,1.090434783,
2024-10-17,207441250,EUR,1,1.090434783,
2024-10-18,116774350,EUR,1,1.090434783,
2024-10-21,204811250,EUR,1,1.090434783,
2024-10-22,201260750,EUR,1,1.090434783,
2024-10-23,180635625,EUR,1,1.090434783,
2024-10-24,212372500,EUR,1,1.090434783,
2024-10-25,125112680,EUR,1,1.090434783,
2024-10-28,211649250,EUR,1,1.090434783,
2024-10-29,218355750,EUR,1,1.090434783,
2024-10-30,212964250,EUR,1,1.090434783,
2024-11-01,121603790,EUR,1,1.063014286,
2024-11-04,212635500,EUR,1,1.063014286,
2024-11-05,213884750,EUR,1,1.063014286,
2024-11-06,178340490,EUR,1,1.063014286,
2024-11-07,214838125,EUR,1,1.063014286,
2024-11-08,124886300,EUR,1,1.063014286,
2024-11-11,222235000,EUR,1,1.063014286,
2024-11-12,216712000,EUR,1,1.063014286,
2024-11-13,59241070,EUR,1,1.063014286,
2024-11-14,220755625,EUR,1,1.063014286,
2024-11-15,125980470,EUR,1,1.063014286,
2024-11-18,222563750,EUR,1,1.063014286,
2024-11-19,227001875,EUR,1,1.063014286,
2024-11-20,192734670,EUR,1,1.063014286,
2024-11-21,226147125,EUR,1,1.063014286,
2024-11-22,131507915,EUR,1,1.063014286,
2024-11-25,227889500,EUR,1,1.063014286,
2024-11-26,228053875,EUR,1,1.063014286,
2024-11-28,223254125,EUR,1,1.063014286,
2024-11-29,126961450,EUR,1,1.063014286,
2024-12-02,228152500,EUR,1,1.047875,
2024-12-03,223944500,EUR,1,1.047875,
2024-12-04,191034570,EUR,1,1.047875,
2024-12-05,222300750,EUR,1,1.047875,
2024-12-06,126867125,EUR,1,1.047875,
2024-12-09,222563750,EUR,1,1.047875,
2024-12-10,220262500,EUR,1,1.047875,
2024-12-11,13695660,EUR,1,1.047875,
2024-12-12,223385625,EUR,1,1.047875,
2024-12-13,124905335,EUR,1,1.047875,
2024-12-16,206702720,EUR,1,1.047875,
2025-01-07,230495410,EUR,1,1.035372727,
2025-01-08,148183750,EUR,1,1.035372727,
2025-01-09,227217455,EUR,1,1.035372727,
2025-01-10,113502410,EUR,1,1.035372727,
2025-01-13,241465200,EUR,1,1.035372727,
2025-01-14,241627475,EUR,1,1.035372727,
2025-01-16,245684350,EUR,1,1.035372727,
2025-01-17,124221100,EUR,1,1.035372727,
2025-01-20,247956200,EUR,1,1.035372727,
2025-01-21,250877150,EUR,1,1.035372727,
2025-01-22,158981475,EUR,1,1.035372727,
2025-01-23,256589230,EUR,1,1.035372727,
2025-01-24,126037010,EUR,1,1.035372727,
2025-01-27,252175350,EUR,1,1.035372727,
2025-01-28,250098230,EUR,1,1.035372727,
2025-01-30,264735435,EUR,1,1.035372727,
2025-01-31,130343770,EUR,1,1.035372727,
2025-02-03,260905745,EUR,1,1.04125,
2025-02-04,256589230,EUR,1,1.04125,
2025-02-05,161385575,EUR,1,1.04125,
2025-02-06,258828625,EUR,1,1.04125,
2025-02-07,129700970,EUR,1,1.04125,
2025-02-10,263761785,EUR,1,1.04125,
2025-02-11,259899640,EUR,1,1.04125,
2025-02-13,249157035,EUR,1,1.04125,
2025-02-14,121874880,EUR,1,1.04125,
2025-02-17,249968410,EUR,1,1.04125,
2025-02-18,241887115,EUR,1,1.04125,
2025-02-19,151085250,EUR,1,1.04125,
2025-02-20,231112055,EUR,1,1.04125,
2025-02-21,117327070,EUR,1,1.04125,
2025-02-24,229781400,EUR,1,1.04125,
2025-02-25,230917325,EUR,1,1.04125,
2025-02-27,227055180,EUR,1,1.04125,
2025-02-28,113534550,EUR,1,1.04125,
2025-03-03,228191105,EUR,1,1.080680952,
2025-03-04,221018550,EUR,1,1.080680952,
2025-03-05,140909275,EUR,1,1.080680952,
2025-03-06,216085390,EUR,1,1.080680952,
2025-03-07,108906390,EUR,1,1.080680952,
2025-03-10,221278190,EUR,1,1.080680952,
2025-03-11,217513410,EUR,1,1.080680952,
2025-03-13,221343100,EUR,1,1.080680952,
2025-03-14,110320550,EUR,1,1.080680952,
2025-03-17,222414115,EUR,1,1.080680952,
2025-03-18,222836030,EUR,1,1.080680952,
2025-03-19,147872875,EUR,1,1.080680952,
2025-03-20,232183070,EUR,1,1.080680952,
2025-03-21,114996920,EUR,1,1.080680952,
2025-03-24,226698175,EUR,1,1.080680952,
2025-03-25,225919255,EUR,1,1.080680952,
2025-03-27,222024655,EUR,1,1.080680952,
2025-03-28,108247520,EUR,1,1.080680952,
2025-03-31,216866200,EUR,1,1.080680952,
2025-04-01,216507305,EUR,1,1.121395,
2025-04-02,142214950,EUR,1,1.121395,
2025-04-03,213391625,EUR,1,1.121395,
2025-04-04,102526600,EUR,1,1.121395,
2025-04-07,193951080,EUR,1,1.121395,
2025-04-08,195865925,EUR,1,1.121395,
2025-04-10,201480640,EUR,1,1.121395,
2025-04-11,98043070,EUR,1,1.121395,
2025-04-14,209659300,EUR,1,1.121395,
2025-04-15,214884555,EUR,1,1.121395,
2025-04-16,136743550,EUR,1,1.121395,
2025-04-17,211152230,EUR,1,1.121395,
2025-04-22,205440150,EUR,1,1.121395,
2025-04-24,207484815,EUR,1,1.121395,
2025-04-25,105885230,EUR,1,1.121395,
2025-04-28,208361100,EUR,1,1.121395,
2025-04-29,206251525,EUR,1,1.121395,
2025-04-30,134816125,EUR,1,1.121395,
2025-05-05,216280120,EUR,1,1.127804762,
2025-05-06,220304540,EUR,1,1.127804762,
2025-05-08,228158650,EUR,1,1.127804762,
2025-05-09,112811400,EUR,1,1.127804762,
2025-05-12,230462955,EUR,1,1.127804762,
2025-05-13,232669895,EUR,1,1.127804762,
2025-05-14,148909125,EUR,1,1.127804762,
2025-05-15,227542005,EUR,1,1.127804762,
2025-05-16,117214580,EUR,1,1.127804762,
2025-05-19,225367520,EUR,1,1.127804762,
2025-05-20,229424395,EUR,1,1.127804762,
2025-05-22,233156720,EUR,1,1.127804762,
2025-05-23,114273770,EUR,1,1.127804762,
2025-05-27,232085705,EUR,1,1.127804762,
2025-05-28,146194150,EUR,1,1.127804762,
2025-06-02,229067390,EUR,1,1.151619048,
2025-06-03,229164755,EUR,1,1.151619048,
2025-06-05,235428570,EUR,1,1.151619048,
2025-06-06,116186100,EUR,1,1.151619048,
2025-06-10,234195280,EUR,1,1.151619048,
2025-06-11,152328750,EUR,1,1.151619048,
2025-06-12,235980305,EUR,1,1.151619048,
2025-06-13,121103520,EUR,1,1.151619048,
2025-06-16,241822205,EUR,1,1.151619048,
2025-06-17,240329275,EUR,1,1.151619048,
2025-06-19,238479340,EUR,1,1.151619048,
2025-06-20,115655790,EUR,1,1.151619048,
2025-06-23,233676000,EUR,1,1.151619048,
2025-06-24,236629405,EUR,1,1.151619048,
2025-06-25,148639700,EUR,1,1.151619048,
2025-06-26,225432430,EUR,1,1.151619048,
2025-06-27,111525800,EUR,1,1.151619048,
2025-06-30,223846175,EUR,1,1.151619048,
2025-07-01,223971955,EUR,1,1.167686957,
2025-07-03,228872660,EUR,1,1.167686957,
2025-07-04,113855950,EUR,1,1.167686957,
2025-07-07,228288470,EUR,1,1.167686957,
2025-07-08,227055180,EUR,1,1.167686957,
2025-07-09,144826300,EUR,1,1.167686957,
2025-07-10,228613020,EUR,1,1.167686957,
2025-07-11,111365100,EUR,1,1.167686957,
2025-07-14,228548110,EUR,1,1.167686957,
2025-07-15,226406080,EUR,1,1.167686957,
2025-07-17,227347275,EUR,1,1.167686957,
2025-07-18,111975760,EUR,1,1.167686957,
2025-07-21,225659615,EUR,1,1.167686957,
2025-07-22,223063215,EUR,1,1.167686957,
2025-07-23,143209750,EUR,1,1.167686957,
2025-07-24,223582495,EUR,1,1.167686957,
2025-07-25,112843540,EUR,1,1.167686957,
2025-07-28,229229665,EUR,1,1.167686957,
2025-07-29,228905115,EUR,1,1.167686957,
2025-07-31,233676000,EUR,1,1.167686957,
2025-08-01,114321980,EUR,1,1.163142857,
2025-08-04,225627160,EUR,1,1.163142857,
2025-08-05,227412185,EUR,1,1.163142857,
2025-08-06,146608650,EUR,1,1.163142857,
2025-08-07,227509550,EUR,1,1.163142857,
2025-08-08,115928980,EUR,1,1.163142857,
2025-08-11,234260190,EUR,1,1.163142857,
2025-08-12,231404150,EUR,1,1.163142857,
2025-08-14,228937570,EUR,1,1.163142857,
2025-08-15,112698910,EUR,1,1.163142857,
2025-08-18,227866555,EUR,1,1.163142857,
2025-08-19,231631335,EUR,1,1.163142857,
2025-08-20,145802430,EUR,1,1.163142857,
2025-08-21,231047145,EUR,1,1.163142857,
2025-08-22,115784350,EUR,1,1.163142857,
2025-08-25,231598880,EUR,1,1.163142857,
2025-08-26,231436605,EUR,1,1.163142857,
2025-08-28,230943510,EUR,1,1.163142857,
2025-08-29,115113850,EUR,1,1.163142857,
2025-09-01,239021520,EUR,1,1.163142857,
2025-09-02,240198000,EUR,1,1.163142857,
2025-09-03,158446375,EUR,1,1.163142857,
2025-09-04,243073840,EUR,1,1.163142857,
2025-09-05,127569040,EUR,1,1.163142857,
2025-09-08,245786280,EUR,1,1.163142857,
2025-09-09,249675200,EUR,1,1.163142857,
2025-09-11,248596760,EUR,1,1.163142857,
2025-09-12,126858820,EUR,1,1.163142857,
2025-09-15,245165360,EUR,1,1.163142857,
2025-09-16,248923560,EUR,1,1.163142857,
2025-09-17,167658625,EUR,1,1.163142857,
2025-09-18,252354960,EUR,1,1.163142857,
2025-09-19,129479870,EUR,1,1.163142857,
2025-09-22,250982400,EUR,1,1.163142857,
2025-09-23,247060800,EUR,1,1.163142857,
2025-09-25,246930080,EUR,1,1.163142857,
2025-09-26,127112470,EUR,1,1.163142857,
2025-09-29,245753600,EUR,1,1.163142857,
2025-09-30,248242575,EUR,1,1.163142857,
2025-10-01,160673750,EUR,1,1.163142857,
2025-10-02,248531400,EUR,1,1.163142857,
2025-10-06,258792920,EUR,1,1.163142857,
2025-10-07,255884400,EUR,1,1.163142857,
