Date,OIL_NAV
2002-08-01,29.64
2002-08-02,29.2
2002-08-05,28.67
2002-08-06,29.3
2002-08-07,29.830000000000002
2002-08-08,30.27
2002-08-09,30.34
2002-08-12,30.38
2002-08-13,30.12
2002-08-14,30.29
2002-08-15,30.85
2002-08-16,30.77
2002-08-19,31.21
2002-08-20,31.12
2002-08-21,31.04
2002-08-22,31.23
2002-08-23,31.59
2002-08-26,31.279999999999998
2002-08-27,31.919999999999998
2002-08-28,31.03
2002-08-29,29.939999999999998
2002-08-30,29.95
2002-09-02,30.24
2002-09-03,28.919999999999998
2002-09-04,27.85
2002-09-05,27.759999999999998
2002-09-06,28.91
2002-09-09,28.99
2002-09-10,29.75
2002-09-11,30.38
2002-09-12,29.74
2002-09-13,28.72
2002-09-16,29.24
2002-09-17,28.759999999999998
2002-09-18,28.05
2002-09-19,27.24
2002-09-20,27.459999999999997
2002-09-23,27.25
2002-09-24,26.259999999999998
2002-09-25,26.759999999999998
2002-09-26,27.66
2002-09-27,28.18
2002-09-30,26.779999999999998
2002-11-01,27.03
2002-11-04,27.43
2002-11-05,26.87
2002-11-06,26.74
2002-11-07,26.58
2002-11-08,26.79
2002-11-11,26.8
2002-11-12,26.959999999999997
2002-11-13,26.88
2002-11-14,26.77
2002-11-15,27.23
2002-11-18,27.55
2002-11-19,27.72
2002-11-20,27.259999999999998
2002-11-21,27.58
2002-11-22,27.29
2002-11-25,27.07
2002-11-26,27.1
2002-11-27,27.16
2002-11-28,27.66
2002-11-29,27.459999999999997
2003-01-02,27.479999999999997
2003-01-03,27.779999999999998
2003-01-06,27.85
2003-01-07,27.82
2003-01-08,27.130000000000003
2003-01-09,26.959999999999997
2003-01-10,27.21
2003-01-13,26.87
2003-01-14,26.5
2003-01-15,26.459999999999997
2003-01-16,26.66
2003-01-17,26.330000000000002
2003-01-20,25.74
2003-01-21,25.27
2003-01-22,24.6
2003-01-23,24.459999999999997
2003-01-24,24.110000000000003
2003-01-27,23.75
2003-01-28,23.62
2003-01-29,24.150000000000002
2003-01-30,24.88
2003-01-31,24.77
2003-02-03,25.19
2003-02-04,25.04
2003-02-05,24.95
2003-02-06,24.279999999999998
2003-02-07,24.18
2003-02-10,24.29
2003-02-11,24.53
2003-02-12,24.130000000000003
2003-02-13,23.77
2003-02-14,24.06
2003-02-17,24.23
2003-02-18,24.73
2003-02-19,24.7
2003-02-20,24.56
2003-02-21,24.66
2003-02-24,25.01
2003-02-25,24.759999999999998
2003-02-26,24.310000000000002
2003-02-27,24.18
2003-02-28,24.21
2003-04-01,24.610000000000003
2003-04-02,25.1
2003-04-03,25.29
2003-04-04,25.7
2003-04-07,26.17
2003-04-08,25.419999999999998
2003-04-09,25.58
2003-04-10,25.259999999999998
2003-04-11,25.419999999999998
2003-04-14,25.1
2003-04-15,25.39
2003-04-16,25.259999999999998
2003-04-17,25.01
2003-04-22,24.93
2003-04-23,25.55
2003-04-24,24.979999999999997
2003-04-25,24.35
2003-04-28,24.459999999999997
2003-04-29,24.68
2003-04-30,24.32
2003-08-01,25.29
2003-08-04,25.32
2003-08-05,25.330000000000002
2003-08-06,25.22
2003-08-07,25.330000000000002
2003-08-08,26.12
2003-08-11,26.49
2003-08-12,26.57
2003-08-13,26.47
2003-08-14,26.58
2003-08-15,26.74
2003-08-18,26.939999999999998
2003-08-19,27.01
2003-08-20,26.72
2003-08-21,27.1
2003-08-22,27.18
2003-08-25,27.04
2003-08-26,26.82
2003-08-27,26.73
2003-08-28,26.99
2003-08-29,26.84
2003-09-01,26.779999999999998
2003-09-02,27.08
2003-09-03,27.49
2003-09-04,27.479999999999997
2003-09-05,27.06
2003-09-08,27.310000000000002
2003-09-09,26.99
2003-09-10,26.79
2003-09-11,26.779999999999998
2003-09-12,26.479999999999997
2003-09-15,26.36
2003-09-16,26.439999999999998
2003-09-17,26.610000000000003
2003-09-18,26.1
2003-09-19,26.09
2003-09-22,25.610000000000003
2003-09-23,25.74
2003-09-24,26.04
2003-09-25,26.05
2003-09-26,25.58
2003-09-29,25.49
2003-09-30,25.01
2003-11-03,25.939999999999998
2003-11-04,26.01
2003-11-05,25.939999999999998
2003-11-06,26.02
2003-11-07,26.18
2003-11-10,26.130000000000003
2003-11-11,25.8
2003-11-12,25.610000000000003
2003-11-13,25.630000000000003
2003-11-14,25.86
2003-11-17,25.630000000000003
2003-11-18,25.41
2003-11-19,25.2
2003-11-20,25.150000000000002
2003-11-21,25.279999999999998
2003-11-24,25.67
2003-11-25,25.64
2003-11-26,25.68
2003-11-27,25.51
2003-11-28,25.419999999999998
2004-01-02,27.89
2004-01-05,27.87
2004-01-06,27.99
2004-01-07,27.38
2004-01-08,27.310000000000002
2004-01-09,26.38
2004-01-12,26.630000000000003
2004-01-13,26.759999999999998
2004-01-14,26.45
2004-01-15,26.5
2004-01-16,26.45
2004-01-19,26.89
2004-01-20,26.810000000000002
2004-01-21,27.18
2004-01-22,27.1
2004-01-23,26.73
2004-01-26,26.77
2004-01-27,26.89
2004-01-28,26.939999999999998
2004-01-29,26.93
2004-01-30,26.67
2004-02-02,26.56
2004-02-03,26.49
2004-02-04,26.66
2004-02-05,26.38
2004-02-06,25.95
2004-02-09,26.35
2004-02-10,26.130000000000003
2004-02-11,26.37
2004-02-12,26.18
2004-02-13,26.25
2004-02-16,26.43
2004-02-17,26.45
2004-02-18,26.53
2004-02-19,26.830000000000002
2004-02-20,27.25
2004-02-23,27.439999999999998
2004-02-24,27.19
2004-02-25,27.29
2004-02-26,27.75
2004-02-27,27.93
2004-04-01,28.16
2004-04-02,28.8
2004-04-05,29.419999999999998
2004-04-06,29.82
2004-04-07,29.51
2004-04-08,29.89
2004-04-13,30.419999999999998
2004-04-14,30.08
2004-04-15,30.45
2004-04-16,30.439999999999998
2004-04-19,30.36
2004-04-20,30.56
2004-04-21,30.14
2004-04-22,30
2004-04-23,30.310000000000002
2004-04-26,30.53
2004-04-27,30.25
2004-04-28,30.51
2004-04-29,30.12
2004-04-30,29.73
2004-08-02,30.77
2004-08-03,31.18
2004-08-04,31.05
2004-08-05,30.810000000000002
2004-08-06,30.18
2004-08-09,29.79
2004-08-10,30.130000000000003
2004-08-11,30.08
2004-08-12,30.09
2004-08-13,29.75
2004-08-16,29.86
2004-08-17,29.85
2004-08-18,29.72
2004-08-19,29.71
2004-08-20,29.9
2004-08-23,30.03
2004-08-24,29.66
2004-08-25,29.7
2004-08-26,29.810000000000002
2004-08-27,30.37
2004-08-30,30.53
2004-08-31,30.39
2004-09-01,30.459999999999997
2004-09-02,30.77
2004-09-03,30.93
2004-09-06,30.84
2004-09-07,30.759999999999998
2004-09-08,30.75
2004-09-09,30.71
2004-09-10,30.759999999999998
2004-09-13,30.74
2004-09-14,30.810000000000002
2004-09-15,30.830000000000002
2004-09-16,30.959999999999997
2004-09-17,31.23
2004-09-20,31.49
2004-09-21,31.75
2004-09-22,31.62
2004-09-23,31.3
2004-09-24,31.419999999999998
2004-09-27,31.6
2004-09-28,31.919999999999998
2004-09-29,31.49
2004-09-30,31.14
2004-11-01,31.459999999999997
2004-11-02,31.27
2004-11-03,31.52
2004-11-04,31.58
2004-11-05,31.52
2004-11-08,31.51
2004-11-09,31.610000000000003
2004-11-10,31.38
2004-11-11,31.6
2004-11-12,31.57
2004-11-15,31.56
2004-11-16,31.37
2004-11-17,31.419999999999998
2004-11-18,31.6
2004-11-19,31.75
2004-11-22,31.56
2004-11-23,31.75
2004-11-24,31.7
2004-11-25,32.21
2004-11-26,32.01
2004-11-29,32.09
2004-11-30,31.919999999999998
2005-01-03,30.919999999999998
2005-01-04,30.62
2005-01-05,30.759999999999998
2005-01-06,30.69
2005-01-07,30.959999999999997
2005-01-10,31.05
2005-01-11,30.88
2005-01-12,30.72
2005-01-13,30.919999999999998
2005-01-14,31.330000000000002
2005-01-17,31.18
2005-01-18,31.49
2005-01-19,31.56
2005-01-20,31.34
2005-01-21,31.54
2005-01-24,31.84
2005-01-25,32.01
2005-01-26,32.28
2005-01-27,32.290000000000006
2005-01-28,32.260000000000005
2005-01-31,32.13
2005-02-01,32.63
2005-02-02,32.93
2005-02-03,32.74
2005-02-04,33.14
2005-02-07,33.52
2005-02-08,33.4
2005-02-09,33.44
2005-02-10,33.51
2005-02-11,33.6
2005-02-14,33.55
2005-02-15,33.790000000000006
2005-02-16,33.91
2005-02-17,34.53
2005-02-18,34.49
2005-02-21,34.760000000000005
2005-02-22,34.28
2005-02-23,34.01
2005-02-24,34.339999999999996
2005-02-25,34.55
2005-02-28,35.18
2005-04-01,34.71
2005-04-04,34.89
2005-04-05,35.03
2005-04-06,35.04
2005-04-07,35.39
2005-04-08,35.290000000000006
2005-04-11,35
2005-04-12,35.220000000000006
2005-04-13,34.87
2005-04-14,34.65
2005-04-15,34.15
2005-04-18,33.28
2005-04-19,33.720000000000006
2005-04-20,33.49
2005-04-21,33.47
2005-04-22,33.730000000000004
2005-04-25,34.339999999999996
2005-04-26,34.290000000000006
2005-04-27,34.02
2005-04-28,33.58
2005-04-29,33.93
2005-08-01,38.82
2005-08-02,39.1
2005-08-03,39.58
2005-08-04,39.03
2005-08-05,39.11
2005-08-08,39.5
2005-08-09,40.309999999999995
2005-08-10,40.52
2005-08-11,40.760000000000005
2005-08-12,40.74
2005-08-15,40.64
2005-08-16,40.24
2005-08-17,39.879999999999995
2005-08-18,39.43
2005-08-19,39.839999999999996
2005-08-22,40.1
2005-08-23,39.690000000000005
2005-08-24,39.46
2005-08-25,39.41
2005-08-26,39.15
2005-08-29,39.09
2005-08-30,39.160000000000004
2005-08-31,40.02
2005-09-01,40.75
2005-09-02,40.5
2005-09-05,40.48
2005-09-06,40.67
2005-09-07,40.59
2005-09-08,40.61
2005-09-09,40.879999999999995
2005-09-12,41.11
2005-09-13,40.57
2005-09-14,40.57
2005-09-15,41.42
2005-09-16,41.64
2005-09-19,42.220000000000006
2005-09-20,42.5
2005-09-21,42.54
2005-09-22,42.43
2005-09-23,41.92
2005-09-26,41.839999999999996
2005-09-27,42.48
2005-09-28,42.620000000000005
2005-09-29,42.96
2005-09-30,42.730000000000004
2005-11-01,39.48
2005-11-02,39.720000000000006
2005-11-03,40.620000000000005
2005-11-04,40.57
2005-11-07,40.28
2005-11-08,40.32
2005-11-09,40.24
2005-11-10,39.44
2005-11-11,39.53
2005-11-14,40.09
2005-11-15,40.43
2005-11-16,40.02
2005-11-17,40.48
2005-11-18,40.790000000000006
2005-11-21,41.339999999999996
2005-11-22,41.89
2005-11-23,41.61
2005-11-24,41.46
2005-11-25,41.690000000000005
2005-11-28,40.82
2005-11-29,40.71
2005-11-30,40.44
2006-01-02,40.33
2006-01-03,41.09
2006-01-04,41.190000000000005
2006-01-05,41.02
2006-01-06,41.55
2006-01-09,41.74
2006-01-10,41.68
2006-01-11,41.64
2006-01-12,42.41
2006-01-13,42.28
2006-01-16,42.730000000000004
2006-01-17,42.56
2006-01-18,42.17
2006-01-19,42.24
2006-01-20,42.3
2006-01-23,42.18
2006-01-24,42.17
2006-01-25,42.260000000000005
2006-01-26,42.1
2006-01-27,42.879999999999995
2006-01-30,43.55
2006-01-31,43.42
2006-02-01,43.620000000000005
2006-02-02,42.57
2006-02-03,42.5
2006-02-06,42.760000000000005
2006-02-07,41.91
2006-02-08,41.36
2006-02-09,41.98
2006-02-10,41.54
2006-02-13,41.9
2006-02-14,41.309999999999995
2006-02-15,41.61
2006-02-16,41.7
2006-02-17,41.92
2006-02-20,42.43
2006-02-21,42.41
2006-02-22,42
2006-02-23,41.75
2006-02-24,41.91
2006-02-27,41.87
2006-02-28,41.13
2006-04-03,42.720000000000006
2006-04-04,42.14
2006-04-05,42.52
2006-04-06,42.7
2006-04-07,43.11
2006-04-10,43.879999999999995
2006-04-11,43.809999999999995
2006-04-12,43.67
2006-04-13,43.64
2006-04-18,44.25
2006-04-19,44.64
2006-04-20,44.46
2006-04-21,45.09
2006-04-24,45.27
2006-04-25,44.790000000000006
2006-04-26,44.68
2006-04-27,43.93
2006-04-28,43.41
2006-08-01,41.75
2006-08-02,42.11
2006-08-03,41.6
2006-08-04,41.78
2006-08-07,41.41
2006-08-08,41.230000000000004
2006-08-09,41.720000000000006
2006-08-10,41.37
2006-08-11,41.339999999999996
2006-08-14,41.5
2006-08-15,41.54
2006-08-16,41.39
2006-08-17,41.07
2006-08-18,41.190000000000005
2006-08-21,41.54
2006-08-22,41.58
2006-08-23,41.46
2006-08-24,41.39
2006-08-25,41.44
2006-08-28,41.46
2006-08-29,40.879999999999995
2006-08-30,40.849999999999994
2006-08-31,40.74
2006-09-01,40.809999999999995
2006-09-04,40.71
2006-09-05,40.86
2006-09-06,40.230000000000004
2006-09-07,39.57
2006-09-08,39.8
2006-09-11,39
2006-09-12,39.1
2006-09-13,39.220000000000006
2006-09-14,39.14
2006-09-15,38.68
2006-09-18,38.94
2006-09-19,39.120000000000005
2006-09-20,39.09
2006-09-21,39.05
2006-09-22,38.620000000000005
2006-09-25,38.1
2006-09-26,38.82
2006-09-27,39.21
2006-09-28,39.720000000000006
2006-09-29,39.47
2006-11-01,40.98
2006-11-02,40.809999999999995
2006-11-03,41.27
2006-11-06,41.809999999999995
2006-11-07,41.96
2006-11-08,42.27
2006-11-09,42.49
2006-11-10,42.64
2006-11-13,42.290000000000006
2006-11-14,42.4
2006-11-15,42.49
2006-11-16,42.68
2006-11-17,41.67
2006-11-20,41.87
2006-11-21,42
2006-11-22,41.660000000000004
2006-11-23,41.48
2006-11-24,41.39
2006-11-27,41.02
2006-11-28,41.09
2006-11-29,41.58
2006-11-30,41.309999999999995
2007-01-02,42.15
2007-01-03,41.690000000000005
2007-01-04,40.98
2007-01-05,40.36
2007-01-08,40.24
2007-01-09,39.61
2007-01-10,39.25
2007-01-11,40.04
2007-01-12,40.3
2007-01-15,40.760000000000005
2007-01-16,40.18
2007-01-17,40.03
2007-01-18,40.05
2007-01-19,40.47
2007-01-22,40.42
2007-01-23,40.660000000000004
2007-01-24,40.949999999999996
2007-01-25,40.7
2007-01-26,40.58
2007-01-29,40.46
2007-01-30,40.5
2007-01-31,40.33
2007-02-01,40.89
2007-02-02,40.74
2007-02-05,41.09
2007-02-06,40.879999999999995
2007-02-07,40.92
2007-02-08,40.59
2007-02-09,40.809999999999995
2007-02-12,40.43
2007-02-13,40.5
2007-02-14,40.63
2007-02-15,40.57
2007-02-16,40.349999999999994
2007-02-19,40.39
2007-02-20,39.97
2007-02-21,39.82
2007-02-22,40.03
2007-02-23,40.53
2007-02-26,41.07
2007-02-27,40.14
2007-02-28,39.17
2007-04-02,40.67
2007-04-03,40.8
2007-04-04,40.7
2007-04-05,40.8
2007-04-10,40.83
2007-04-11,41.11
2007-04-12,41.09
2007-04-13,41.8
2007-04-16,41.91
2007-04-17,42.11
2007-04-18,41.730000000000004
2007-04-19,41.47
2007-04-20,41.67
2007-04-23,42.05
2007-04-24,41.61
2007-04-25,41.83
2007-04-26,41.82
2007-04-27,41.349999999999994
2007-04-30,41.55
2007-08-01,43.59
2007-08-02,43.03
2007-08-03,42.220000000000006
2007-08-06,41.47
2007-08-07,42.08
2007-08-08,43.06
2007-08-09,42.3
2007-08-10,40.94
2007-08-13,41.93
2007-08-14,41.43
2007-08-15,41.48
2007-08-16,39.64
2007-08-17,40.730000000000004
2007-08-20,40.89
2007-08-21,40.75
2007-08-22,41.37
2007-08-23,41.59
2007-08-24,42.03
2007-08-27,41.879999999999995
2007-08-28,41.02
2007-08-29,41.379999999999995
2007-08-30,42.220000000000006
2007-08-31,42.9
2007-09-03,42.660000000000004
2007-09-04,43.28
2007-09-05,42.89
2007-09-06,43.52
2007-09-07,42.77
2007-09-10,42.57
2007-09-11,43.15
2007-09-12,43.41
2007-09-13,43.87
2007-09-14,43.52
2007-09-17,43.05
2007-09-18,43.6
2007-09-19,44.8
2007-09-20,44.809999999999995
2007-09-21,44.94
2007-09-24,44.93
2007-09-25,43.949999999999996
2007-09-26,43.94
2007-09-27,43.96
2007-09-28,43.92
2007-11-01,44.89
2007-11-02,45.03
2007-11-05,45.01
2007-11-06,45.13
2007-11-07,45.67
2007-11-08,45.51
2007-11-09,44.83
2007-11-12,43.83
2007-11-13,43.15
2007-11-14,43.74
2007-11-15,43.03
2007-11-16,43.1
2007-11-19,42.44
2007-11-20,43.09
2007-11-21,42.949999999999996
2007-11-22,42.849999999999994
2007-11-23,42.879999999999995
2007-11-26,42.730000000000004
2007-11-27,42.24
2007-11-28,42.93
2007-11-29,43.260000000000005
2007-11-30,43.68
2008-01-02,44.44
2008-01-03,45.28
2008-01-04,44.61
2008-01-07,45.24
2008-01-08,45.02
2008-01-09,44.32
2008-01-10,43.48
2008-01-11,42.86
2008-01-14,42.78
2008-01-15,41.64
2008-01-16,40.809999999999995
2008-01-17,40.379999999999995
2008-01-18,40.1
2008-01-21,37.790000000000006
2008-01-22,38.15
2008-01-23,36.36
2008-01-24,38.449999999999996
2008-01-25,38.98
2008-01-28,38.41
2008-01-29,38.92
2008-01-30,38.27
2008-01-31,38.44
2008-02-01,38.92
2008-02-04,39.230000000000004
2008-02-05,38.620000000000005
2008-02-06,38.7
2008-02-07,38.160000000000004
2008-02-08,38.71
2008-02-11,38.620000000000005
2008-02-12,39.92
2008-02-13,39.82
2008-02-14,40.28
2008-02-15,39.51
2008-02-18,40.32
2008-02-19,40.55
2008-02-20,40.120000000000005
2008-02-21,40.11
2008-02-22,40.11
2008-02-25,40.86
2008-02-26,41.07
2008-02-27,40.94
2008-02-28,40.33
2008-02-29,40.06
2008-04-01,37.63
2008-04-02,38.01
2008-04-03,38.449999999999996
2008-04-04,38.620000000000005
2008-04-07,39.15
2008-04-08,39
2008-04-09,39.48
2008-04-10,39.77
2008-04-11,39.28
2008-04-14,39.230000000000004
2008-04-15,39.39
2008-04-16,40.09
2008-04-17,39.98
2008-04-18,40.71
2008-04-21,40.730000000000004
2008-04-22,40.91
2008-04-23,41.449999999999996
2008-04-24,41.06
2008-04-25,41.56
2008-04-28,41.78
2008-04-29,42.63
2008-04-30,42.58
2008-08-01,36.77
2008-08-04,36.230000000000004
2008-08-05,35.68
2008-08-06,36.32
2008-08-07,36.89
2008-08-08,36.36
2008-08-11,36.86
2008-08-12,36.98
2008-08-13,36.28
2008-08-14,36.83
2008-08-15,36.53
2008-08-18,36.849999999999994
2008-08-19,36.290000000000006
2008-08-20,37.01
2008-08-21,37.57
2008-08-22,37.67
2008-08-25,37.379999999999995
2008-08-26,37.28
2008-08-27,37.879999999999995
2008-08-28,37.78
2008-08-29,38.06
2008-09-01,37.09
2008-09-02,36.309999999999995
2008-09-03,35.59
2008-09-04,35.08
2008-09-05,34.36
2008-09-08,35.379999999999995
2008-09-09,34.37
2008-09-10,34.290000000000006
2008-09-11,34.720000000000006
2008-09-12,35.75
2008-09-15,34.04
2008-09-16,32.54
2008-09-17,32.59
2008-09-18,32.24
2008-09-19,34.87
2008-09-22,35.08
2008-09-23,34.63
2008-09-24,34.449999999999996
2008-09-25,34.809999999999995
2008-09-26,33.94
2008-09-29,31.919999999999998
2008-09-30,32.39
2008-11-03,30.71
2008-11-04,32.49
2008-11-05,31.39
2008-11-06,29.36
2008-11-07,30.25
2008-11-10,30.72
2008-11-11,29.150000000000002
2008-11-12,27.810000000000002
2008-11-13,27.75
2008-11-14,28.4
2008-11-17,27.89
2008-11-18,28.759999999999998
2008-11-19,27.56
2008-11-20,26.01
2008-11-21,25.67
2008-11-24,28.630000000000003
2008-11-25,29.130000000000003
2008-11-26,29.02
2008-11-27,30.03
2008-11-28,29.87
2009-01-02,28.630000000000003
2009-01-05,29.55
2009-01-06,30.110000000000003
2009-01-07,29.07
2009-01-08,29.35
2009-01-09,29.09
2009-01-12,28.37
2009-01-13,28.279999999999998
2009-01-14,26.99
2009-01-15,26.45
2009-01-16,27.05
2009-01-19,26.68
2009-01-20,26.43
2009-01-21,25.759999999999998
2009-01-22,25.67
2009-01-23,26
2009-01-26,27.12
2009-01-27,27.330000000000002
2009-01-28,27.67
2009-01-29,27.630000000000003
2009-01-30,27.630000000000003
2009-02-02,26.939999999999998
2009-02-03,27.310000000000002
2009-02-04,28.2
2009-02-05,28.610000000000003
2009-02-06,29.36
2009-02-09,29.479999999999997
2009-02-10,28.479999999999997
2009-02-11,28.479999999999997
2009-02-12,28.330000000000002
2009-02-13,28.75
2009-02-16,28.39
2009-02-17,27.97
2009-02-18,27.86
2009-02-19,27.919999999999998
2009-02-20,26.84
2009-02-23,26.73
2009-02-24,26.419999999999998
2009-02-25,26.56
2009-02-26,26.68
2009-02-27,26.18
2009-04-01,26.08
2009-04-02,27.3
2009-04-03,26.72
2009-04-06,26.419999999999998
2009-04-07,26.08
2009-04-08,25.810000000000002
2009-04-09,26.150000000000002
2009-04-14,26.1
2009-04-15,25.97
2009-04-16,26.38
2009-04-17,26.75
2009-04-20,25.97
2009-04-21,26.150000000000002
2009-04-22,26.25
2009-04-23,26.59
2009-04-24,27.66
2009-04-27,27.62
2009-04-28,27.58
2009-04-29,27.959999999999997
2009-04-30,28.12
2009-08-03,29.630000000000003
2009-08-04,29.58
2009-08-05,29.17
2009-08-06,29.06
2009-08-07,29.38
2009-08-10,29.3
2009-08-11,29.05
2009-08-12,29.54
2009-08-13,29.51
2009-08-14,29.439999999999998
2009-08-17,28.93
2009-08-18,29.34
2009-08-19,29.36
2009-08-20,29.86
2009-08-21,30.49
2009-08-24,30.57
2009-08-25,30.759999999999998
2009-08-26,30.310000000000002
2009-08-27,30.14
2009-08-28,30.34
2009-08-31,30.150000000000002
2009-09-01,29.610000000000003
2009-09-02,30.130000000000003
2009-09-03,30.04
2009-09-04,30.310000000000002
2009-09-07,30.49
2009-09-08,30.85
2009-09-09,31.419999999999998
2009-09-10,31.439999999999998
2009-09-11,31.479999999999997
2009-09-14,31.18
2009-09-15,31.25
2009-09-16,31.56
2009-09-17,31.75
2009-09-18,31.419999999999998
2009-09-21,31.23
2009-09-22,31.53
2009-09-23,31.259999999999998
2009-09-24,30.439999999999998
2009-09-25,30.459999999999997
2009-09-28,30.919999999999998
2009-09-29,31.01
2009-09-30,30.810000000000002
2009-11-02,31.43
2009-11-03,31.32
2009-11-04,31.82
2009-11-05,32.08
2009-11-06,31.979999999999997
2009-11-09,32.64
2009-11-10,32.52
2009-11-11,32.54
2009-11-12,32.37
2009-11-13,32.58
2009-11-16,33.11
2009-11-17,33.15
2009-11-18,33
2009-11-19,32.53
2009-11-20,32.15
2009-11-23,32.790000000000006
2009-11-24,32.57
2009-11-25,32.64
2009-11-26,31.66
2009-11-27,32.04
2009-11-30,31.419999999999998
2010-01-04,34.27
2010-01-05,34.41
2010-01-06,34.379999999999995
2010-01-07,34.6
2010-01-08,34.58
2010-01-11,34.97
2010-01-12,34.6
2010-01-13,34.48
2010-01-14,34.64
2010-01-15,34.190000000000005
2010-01-18,34.42
2010-01-19,34.660000000000004
2010-01-20,34.18
2010-01-21,33.660000000000004
2010-01-22,33.120000000000005
2010-01-25,32.879999999999995
2010-01-26,33.01
2010-01-27,32.620000000000005
2010-01-28,32.160000000000004
2010-01-29,32.41
2010-02-01,32.52
2010-02-02,32.58
2010-02-03,32.449999999999996
2010-02-04,31.75
2010-02-05,31.07
2010-02-08,31.23
2010-02-09,31.24
2010-02-10,31.37
2010-02-11,31.939999999999998
2010-02-12,31.84
2010-02-15,31.959999999999997
2010-02-16,32.449999999999996
2010-02-17,32.54
2010-02-18,32.77
2010-02-19,32.809999999999995
2010-02-22,32.75
2010-02-23,32.24
2010-02-24,32.28
2010-02-25,31.419999999999998
2010-02-26,31.69
2010-04-01,34.449999999999996
2010-04-06,35.28
2010-04-07,35.06
2010-04-08,34.89
2010-04-09,35.379999999999995
2010-04-12,35.21
2010-04-13,34.99
2010-04-14,35.2
2010-04-15,35.59
2010-04-16,35
2010-04-19,34.839999999999996
2010-04-20,35.55
2010-04-21,35.339999999999996
2010-04-22,34.92
2010-04-23,35.09
2010-04-26,35.2
2010-04-27,34.290000000000006
2010-04-28,34.379999999999995
2010-04-29,34.1
2010-04-30,33.71
2010-08-02,30.3
2010-08-03,30.4
2010-08-04,30.67
2010-08-05,30.58
2010-08-06,30.37
2010-08-09,30.86
2010-08-10,30.38
2010-08-11,29.82
2010-08-12,29.810000000000002
2010-08-13,30.09
2010-08-16,29.939999999999998
2010-08-17,30.18
2010-08-18,29.77
2010-08-19,29.21
2010-08-20,29.330000000000002
2010-08-23,29.57
2010-08-24,28.9
2010-08-25,28.59
2010-08-26,28.939999999999998
2010-08-27,28.93
2010-08-30,28.86
2010-08-31,28.74
2010-09-01,29.5
2010-09-02,29.5
2010-09-03,29.89
2010-09-06,29.95
2010-09-07,29.779999999999998
2010-09-08,30.2
2010-09-09,30.439999999999998
2010-09-10,30.29
2010-09-13,30.479999999999997
2010-09-14,30.459999999999997
2010-09-15,30.150000000000002
2010-09-16,30.130000000000003
2010-09-17,29.919999999999998
2010-09-20,30.37
2010-09-21,30.38
2010-09-22,29.779999999999998
2010-09-23,29.939999999999998
2010-09-24,30.12
2010-09-27,30.110000000000003
2010-09-28,29.95
2010-09-29,30.08
2010-09-30,30.07
2010-11-01,30.88
2010-11-02,31.259999999999998
2010-11-03,31.330000000000002
2010-11-04,31.87
2010-11-05,32.01
2010-11-08,31.919999999999998
2010-11-09,32.290000000000006
2010-11-10,32.120000000000005
2010-11-11,32.41
2010-11-12,32.01
2010-11-15,32.309999999999995
2010-11-16,31.279999999999998
2010-11-17,31.4
2010-11-18,31.74
2010-11-19,31.47
2010-11-22,31.19
2010-11-23,30.85
2010-11-24,31.2
2010-11-25,31.3
2010-11-26,31.23
2010-11-29,30.650000000000002
2010-11-30,30.779999999999998
2011-01-03,33.64
2011-01-04,34.47
2011-01-05,34.74
2011-01-06,34.77
2011-01-07,34.87
2011-01-10,34.77
2011-01-11,35.24
2011-01-12,35.51
2011-01-13,35.309999999999995
2011-01-14,35.28
2011-01-17,35.25
2011-01-18,35.720000000000006
2011-01-19,35.190000000000005
2011-01-20,34.48
2011-01-21,34.9
2011-01-24,34.87
2011-01-25,34.49
2011-01-26,34.839999999999996
2011-01-27,35.04
2011-01-28,34.620000000000005
2011-01-31,34.9
2011-02-01,35.96
2011-02-02,35.99
2011-02-03,35.71
2011-02-04,35.56
2011-02-07,35.87
2011-02-08,35.730000000000004
2011-02-09,35.46
2011-02-10,35.54
2011-02-11,35.75
2011-02-14,36.01
2011-02-15,36.230000000000004
2011-02-16,36.160000000000004
2011-02-17,36.24
2011-02-18,36.24
2011-02-21,35.790000000000006
2011-02-22,35.67
2011-02-23,35.48
2011-02-24,35.760000000000005
2011-02-25,36.06
2011-02-28,36.39
2011-04-01,35.78
2011-04-04,35.83
2011-04-05,36.07
2011-04-06,35.87
2011-04-07,35.65
2011-04-08,35.839999999999996
2011-04-11,35.71
2011-04-12,34.48
2011-04-13,34.690000000000005
2011-04-14,34.47
2011-04-15,34.41
2011-04-18,33.91
2011-04-19,34
2011-04-20,34.8
2011-04-21,34.96
2011-04-26,34.86
2011-04-27,35.160000000000004
2011-04-28,35.11
2011-04-29,35.220000000000006
2011-08-01,32.620000000000005
2011-08-02,32.15
2011-08-03,31.25
2011-08-04,29.979999999999997
2011-08-05,28.97
2011-08-08,27.919999999999998
2011-08-09,28.259999999999998
2011-08-10,27.330000000000002
2011-08-11,27.97
2011-08-12,28.919999999999998
2011-08-15,29.16
2011-08-16,29.32
2011-08-17,29.51
2011-08-18,28.25
2011-08-19,27.69
2011-08-22,28.04
2011-08-23,28.330000000000002
2011-08-24,28.64
2011-08-25,27.959999999999997
2011-08-26,27.95
2011-08-29,28.279999999999998
2011-08-30,28.779999999999998
2011-08-31,29.67
2011-09-01,29.64
2011-09-02,28.959999999999997
2011-09-05,27.75
2011-09-06,27.830000000000002
2011-09-07,28.95
2011-09-08,29.57
2011-09-09,29.12
2011-09-12,28.58
2011-09-13,28.64
2011-09-14,29.07
2011-09-15,29.74
2011-09-16,29.89
2011-09-19,29.259999999999998
2011-09-20,29.810000000000002
2011-09-21,29.18
2011-09-22,27.66
2011-09-23,27.7
2011-09-26,27.759999999999998
2011-09-27,29.1
2011-09-28,28.89
2011-09-29,28.810000000000002
2011-09-30,28.939999999999998
2011-11-01,31.830000000000002
2011-11-02,32.39
2011-11-03,32.809999999999995
2011-11-04,32.6
2011-11-07,32.690000000000005
2011-11-08,33.18
2011-11-09,32.82
2011-11-10,32.58
2011-11-11,33.08
2011-11-14,32.96
2011-11-15,32.9
2011-11-16,33.14
2011-11-17,32.690000000000005
2011-11-18,32.4
2011-11-21,31.279999999999998
2011-11-22,31.02
2011-11-23,30.62
2011-11-24,30.3
2011-11-25,30.759999999999998
2011-11-28,31.73
2011-11-29,31.93
2011-11-30,33.14
2012-01-02,34.660000000000004
2012-01-03,35.27
2012-01-04,35.36
2012-01-05,35.230000000000004
2012-01-06,35.55
2012-01-09,35.5
2012-01-10,36
2012-01-11,35.379999999999995
2012-01-12,35.120000000000005
2012-01-13,35.01
2012-01-16,34.77
2012-01-17,35.08
2012-01-18,35.01
2012-01-19,35.160000000000004
2012-01-20,34.57
2012-01-23,34.86
2012-01-24,35
2012-01-25,34.78
2012-01-26,34.94
2012-01-27,34.349999999999994
2012-01-30,34.01
2012-01-31,34.620000000000005
2012-02-01,35.06
2012-02-02,35.08
2012-02-03,35.339999999999996
2012-02-06,35.43
2012-02-07,35.37
2012-02-08,35.33
2012-02-09,35.64
2012-02-10,35.5
2012-02-13,35.74
2012-02-14,35.8
2012-02-15,35.92
2012-02-16,36
2012-02-17,36.11
2012-02-20,36.46
2012-02-21,36.190000000000005
2012-02-22,36.190000000000005
2012-02-23,36.11
2012-02-24,36.3
2012-02-27,36.41
2012-02-28,36.33
2012-02-29,36.24
2012-04-02,35.52
2012-04-03,35.07
2012-04-04,34.44
2012-04-05,34.720000000000006
2012-04-10,33.6
2012-04-11,33.809999999999995
2012-04-12,33.92
2012-04-13,33.55
2012-04-16,33.339999999999996
2012-04-17,33.94
2012-04-18,33.849999999999994
2012-04-19,33.379999999999995
2012-04-20,33.42
2012-04-23,32.760000000000005
2012-04-24,33.15
2012-04-25,33.25
2012-04-26,33.83
2012-04-27,33.99
2012-04-30,33.91
2012-08-01,34.06
2012-08-02,33.839999999999996
2012-08-03,34.63
2012-08-06,34.83
2012-08-07,35.620000000000005
2012-08-08,35.68
2012-08-09,35.720000000000006
2012-08-10,35.71
2012-08-13,35.49
2012-08-14,35.790000000000006
2012-08-15,35.879999999999995
2012-08-16,35.879999999999995
2012-08-17,36.13
2012-08-20,35.849999999999994
2012-08-21,35.8
2012-08-22,35.41
2012-08-23,35.15
2012-08-24,35.09
2012-08-27,35.2
2012-08-28,35.06
2012-08-29,35.08
2012-08-30,34.91
2012-08-31,35.07
2012-09-03,35.36
2012-09-04,34.879999999999995
2012-09-05,34.349999999999994
2012-09-06,35.18
2012-09-07,35.260000000000005
2012-09-10,35.27
2012-09-11,35.43
2012-09-12,35.339999999999996
2012-09-13,35.449999999999996
2012-09-14,36.07
2012-09-17,35.93
2012-09-18,35.5
2012-09-19,35.6
2012-09-20,35.39
2012-09-21,35.47
2012-09-24,35.54
2012-09-25,35.720000000000006
2012-09-26,35.05
2012-09-27,35.120000000000005
2012-09-28,34.690000000000005
2012-11-01,34.18
2012-11-02,34.25
2012-11-05,33.94
2012-11-06,34.05
2012-11-07,33.49
2012-11-08,33.33
2012-11-09,33.339999999999996
2012-11-12,33.17
2012-11-13,33.260000000000005
2012-11-14,32.86
2012-11-15,32.61
2012-11-16,32.190000000000005
2012-11-19,33
2012-11-20,33.08
2012-11-21,33.2
2012-11-22,33.339999999999996
2012-11-23,33.46
2012-11-26,33.2
2012-11-27,33.14
2012-11-28,33.1
2012-11-29,33.379999999999995
2012-11-30,33.290000000000006
2013-01-02,33.620000000000005
2013-01-03,33.89
2013-01-04,34.06
2013-01-07,33.720000000000006
2013-01-08,33.7
2013-01-09,34
2013-01-10,33.99
2013-01-11,33.87
2013-01-14,33.68
2013-01-15,33.58
2013-01-16,33.64
2013-01-17,33.68
2013-01-18,33.64
2013-01-21,33.61
2013-01-22,33.760000000000005
2013-01-23,34.03
2013-01-24,34.05
2013-01-25,33.94
2013-01-28,33.78
2013-01-29,34.11
2013-01-30,33.54
2013-01-31,33.160000000000004
2013-02-01,33.120000000000005
2013-02-04,32.63
2013-02-05,32.92
2013-02-06,32.71
2013-02-07,32.42
2013-02-08,32.55
2013-02-11,32.25
2013-02-12,32.42
2013-02-13,32.51
2013-02-14,32.24
2013-02-15,32.14
2013-02-18,32.01
2013-02-19,32.28
2013-02-20,32.11
2013-02-21,31.82
2013-02-22,32.230000000000004
2013-02-25,32.24
2013-02-26,31.85
2013-02-27,32.17
2013-02-28,32.3
2013-04-02,33.07
2013-04-03,32.83
2013-04-04,32.49
2013-04-05,32.01
2013-04-08,32.14
2013-04-09,32.33
2013-04-10,32.5
2013-04-11,32.58
2013-04-12,32.309999999999995
2013-04-15,31.279999999999998
2013-04-16,31.01
2013-04-17,30.459999999999997
2013-04-18,30.53
2013-04-19,30.71
2013-04-22,30.779999999999998
2013-04-23,31.36
2013-04-24,31.91
2013-04-25,32.24
2013-04-26,31.979999999999997
2013-04-29,32.11
2013-04-30,32.290000000000006
2013-08-01,31.979999999999997
2013-08-02,31.939999999999998
2013-08-05,32.01
2013-08-06,31.85
2013-08-07,31.79
2013-08-08,31.85
2013-08-09,32.02
2013-08-12,32.02
2013-08-13,32.3
2013-08-14,32.41
2013-08-15,32.160000000000004
2013-08-16,32.25
2013-08-19,32.01
2013-08-20,31.66
2013-08-21,31.47
2013-08-22,31.8
2013-08-23,32.17
2013-08-26,32.17
2013-08-27,32.260000000000005
2013-08-28,33.05
2013-08-29,33.01
2013-08-30,32.58
2013-09-02,32.879999999999995
2013-09-03,32.790000000000006
2013-09-04,32.97
2013-09-05,33.08
2013-09-06,33.2
2013-09-09,32.839999999999996
2013-09-10,32.91
2013-09-11,33.07
2013-09-12,33.07
2013-09-13,33.2
2013-09-16,33.190000000000005
2013-09-17,32.92
2013-09-18,32.92
2013-09-19,33.08
2013-09-20,33.05
2013-09-23,32.879999999999995
2013-09-24,33.04
2013-09-25,33.05
2013-09-26,33.07
2013-09-27,33.01
2013-09-30,32.68
2013-11-01,33.849999999999994
2013-11-04,34.03
2013-11-05,34.04
2013-11-06,34.21
2013-11-07,33.99
2013-11-08,33.730000000000004
2013-11-11,33.89
2013-11-12,33.61
2013-11-13,33.47
2013-11-14,33.71
2013-11-15,33.99
2013-11-18,34.03
2013-11-19,33.839999999999996
2013-11-20,33.97
2013-11-21,33.9
2013-11-22,34.01
2013-11-25,33.849999999999994
2013-11-26,33.55
2013-11-27,33.61
2013-11-28,33.67
2013-11-29,33.660000000000004
2014-01-02,33.82
2014-01-03,33.96
2014-01-06,33.839999999999996
2014-01-07,34.17
2014-01-08,34.03
2014-01-09,34.09
2014-01-10,34.339999999999996
2014-01-13,34.18
2014-01-14,34.08
2014-01-15,33.92
2014-01-16,33.91
2014-01-17,34.09
2014-01-20,34.18
2014-01-21,34.11
2014-01-22,34.220000000000006
2014-01-23,33.78
2014-01-24,33.02
2014-01-27,32.25
2014-01-28,32.24
2014-01-29,32.04
2014-01-30,32.160000000000004
2014-01-31,31.939999999999998
2014-02-03,31.51
2014-02-04,31.55
2014-02-05,31.56
2014-02-06,32.04
2014-02-07,32.120000000000005
2014-02-10,32.160000000000004
2014-02-11,32.64
2014-02-12,32.99
2014-02-13,32.790000000000006
2014-02-14,33.06
2014-02-17,33.07
2014-02-18,33.24
2014-02-19,33.32
2014-02-20,33.61
2014-02-21,33.839999999999996
2014-02-24,34.09
2014-02-25,34.05
2014-02-26,34.08
2014-02-27,33.87
2014-02-28,34
2014-04-01,34.09
2014-04-02,34.17
2014-04-03,34.28
2014-04-04,34.6
2014-04-07,34.290000000000006
2014-04-08,34.2
2014-04-09,34.39
2014-04-10,34.21
2014-04-11,33.82
2014-04-14,34.339999999999996
2014-04-15,34.09
2014-04-16,34.36
2014-04-17,34.5
2014-04-22,34.77
2014-04-23,34.54
2014-04-24,34.949999999999996
2014-04-25,34.839999999999996
2014-04-28,34.93
2014-04-29,35.78
2014-04-30,35.92
2014-08-01,35.230000000000004
2014-08-04,35.379999999999995
2014-08-05,35.39
2014-08-06,35.230000000000004
2014-08-07,34.92
2014-08-08,34.55
2014-08-11,35.05
2014-08-12,34.68
2014-08-13,34.660000000000004
2014-08-14,34.77
2014-08-15,34.690000000000005
2014-08-18,35.04
2014-08-19,35.36
2014-08-20,35.349999999999994
2014-08-21,35.47
2014-08-22,35.28
2014-08-25,35.68
2014-08-26,36.01
2014-08-27,36.03
2014-08-28,35.87
2014-08-29,36.04
2014-09-01,36.260000000000005
2014-09-02,35.97
2014-09-03,36.220000000000006
2014-09-04,36.37
2014-09-05,36.24
2014-09-08,35.839999999999996
2014-09-09,35.59
2014-09-10,35.61
2014-09-11,35.43
2014-09-12,35.309999999999995
2014-09-15,34.98
2014-09-16,35.17
2014-09-17,35.309999999999995
2014-09-18,35.54
2014-09-19,35.59
2014-09-22,35.51
2014-09-23,35.03
2014-09-24,35.46
2014-09-25,34.99
2014-09-26,35.21
2014-09-29,35.260000000000005
2014-09-30,35.6
2014-11-03,31.93
2014-11-04,30.74
2014-11-05,31.45
2014-11-06,31.72
2014-11-07,32.1
2014-11-10,32.37
2014-11-11,32.05
2014-11-12,31.74
2014-11-13,31.279999999999998
2014-11-14,31.459999999999997
2014-11-17,31.59
2014-11-18,31.830000000000002
2014-11-19,31.74
2014-11-20,31.93
2014-11-21,32.94
2014-11-24,32.720000000000006
2014-11-25,32.36
2014-11-26,32.18
2014-11-27,30.919999999999998
2014-11-28,29.86
2015-01-02,28.979999999999997
2015-01-05,27.58
2015-01-06,27.610000000000003
2015-01-07,27.84
2015-01-08,28.53
2015-01-09,27.97
2015-01-12,27.6
2015-01-13,27.91
2015-01-14,27.18
2015-01-15,27.779999999999998
2015-01-16,28.67
2015-01-19,28.58
2015-01-20,28.650000000000002
2015-01-21,29.37
2015-01-22,29.97
2015-01-23,30.22
2015-01-26,30.69
2015-01-27,30.56
2015-01-28,30.14
2015-01-29,29.310000000000002
2015-01-30,29.310000000000002
2015-02-02,30.16
2015-02-03,31.23
2015-02-04,30.95
2015-02-05,31.45
2015-02-06,31.41
2015-02-09,31.779999999999998
2015-02-10,31.27
2015-02-11,30.87
2015-02-12,31.22
2015-02-13,31.8
2015-02-16,31.71
2015-02-17,31.74
2015-02-18,32.21
2015-02-19,31.58
2015-02-20,31.759999999999998
2015-02-23,31.7
2015-02-24,32.14
2015-02-25,32.15
2015-02-26,32.17
2015-02-27,32.37
2015-04-01,31.21
2015-04-02,30.959999999999997
2015-04-07,32.24
2015-04-08,33.03
2015-04-09,33.43
2015-04-10,33.839999999999996
2015-04-13,34.03
2015-04-14,34.1
2015-04-15,34.42
2015-04-16,34.36
2015-04-17,34.15
2015-04-20,34.39
2015-04-21,34.18
2015-04-22,34.13
2015-04-23,34.28
2015-04-24,34.06
2015-04-27,34.349999999999994
2015-04-28,34.32
2015-04-29,33.720000000000006
2015-04-30,33.730000000000004
2015-08-03,30.459999999999997
2015-08-04,30.32
2015-08-05,30.87
2015-08-06,30.479999999999997
2015-08-07,30.62
2015-08-10,30.62
2015-08-11,30.18
2015-08-12,29.93
2015-08-13,29.9
2015-08-14,29.630000000000003
2015-08-17,29.7
2015-08-18,29.47
2015-08-19,28.85
2015-08-20,28.459999999999997
2015-08-21,27.41
2015-08-24,25.18
2015-08-25,26.130000000000003
2015-08-26,25.47
2015-08-27,26.959999999999997
2015-08-28,27.610000000000003
2015-08-31,27.53
2015-09-01,26.82
2015-09-02,26.68
2015-09-03,27.49
2015-09-04,26.38
2015-09-07,26.37
2015-09-08,26.77
2015-09-09,27.08
2015-09-10,26.53
2015-09-11,26.22
2015-09-14,26.150000000000002
2015-09-15,26.630000000000003
2015-09-16,27.330000000000002
2015-09-17,27.23
2015-09-18,26.35
2015-09-21,26.54
2015-09-22,25.7
2015-09-23,25.88
2015-09-24,25.16
2015-09-25,25.71
2015-09-28,25.03
2015-09-29,25.3
2015-09-30,25.85
2015-11-02,28.72
2015-11-03,29.72
2015-11-04,29.89
2015-11-05,29.310000000000002
2015-11-06,29.25
2015-11-09,29.05
2015-11-10,29.08
2015-11-11,28.9
2015-11-12,28.08
2015-11-13,27.830000000000002
2015-11-16,28.12
2015-11-17,29.07
2015-11-18,29.37
2015-11-19,29.479999999999997
2015-11-20,29.130000000000003
2015-11-23,29.02
2015-11-24,29.17
2015-11-25,29.35
2015-11-26,29.779999999999998
2015-11-27,29.55
2015-11-30,29.69
2016-01-04,26.279999999999998
2016-01-05,26.25
2016-01-06,25.72
2016-01-07,25.02
2016-01-08,24.110000000000003
2016-01-11,23.91
2016-01-12,23.77
2016-01-13,24.130000000000003
2016-01-14,24.68
2016-01-15,23.439999999999998
2016-01-18,23.47
2016-01-19,23.74
2016-01-20,22.52
2016-01-21,23.35
2016-01-22,24.53
2016-01-25,24.21
2016-01-26,24.77
2016-01-27,25.05
2016-01-28,25.439999999999998
2016-01-29,25.87
2016-02-01,25.51
2016-02-02,24.27
2016-02-03,24.29
2016-02-04,25.09
2016-02-05,25.04
2016-02-08,24.32
2016-02-09,23.56
2016-02-10,23.52
2016-02-11,22.67
2016-02-12,24.1
2016-02-15,24.6
2016-02-16,24.55
2016-02-17,25.4
2016-02-18,25.25
2016-02-19,24.99
2016-02-22,25.79
2016-02-23,25.18
2016-02-24,24.479999999999997
2016-02-25,25
2016-02-26,25.9
2016-02-29,26.29
2016-04-01,25.66
2016-04-04,25.74
2016-04-05,25.130000000000003
2016-04-06,25.37
2016-04-07,25.2
2016-04-08,26.07
2016-04-11,26.25
2016-04-12,26.66
2016-04-13,27.59
2016-04-14,27.64
2016-04-15,27.03
2016-04-18,26.959999999999997
2016-04-19,27.459999999999997
2016-04-20,27.68
2016-04-21,27.95
2016-04-22,28.04
2016-04-25,27.69
2016-04-26,28
2016-04-27,28.55
2016-04-28,28.75
2016-04-29,28.19
2016-08-01,27.5
2016-08-02,27.07
2016-08-03,27.25
2016-08-04,27.66
2016-08-05,27.97
2016-08-08,28.150000000000002
2016-08-09,28.37
2016-08-10,28.22
2016-08-11,28.58
2016-08-12,28.58
2016-08-15,28.62
2016-08-16,28.68
2016-08-17,28.49
2016-08-18,28.93
2016-08-19,28.630000000000003
2016-08-22,28.439999999999998
2016-08-23,28.59
2016-08-24,28.630000000000003
2016-08-25,28.479999999999997
2016-08-26,28.87
2016-08-29,28.71
2016-08-30,28.91
2016-08-31,28.51
2016-09-01,28.3
2016-09-02,29.06
2016-09-05,29.34
2016-09-06,29.07
2016-09-07,29.36
2016-09-08,29.41
2016-09-09,28.979999999999997
2016-09-12,28.7
2016-09-13,27.89
2016-09-14,27.7
2016-09-15,27.779999999999998
2016-09-16,27.39
2016-09-19,27.86
2016-09-20,27.610000000000003
2016-09-21,27.69
2016-09-22,28.36
2016-09-23,28.17
2016-09-26,27.73
2016-09-27,27.45
2016-09-28,27.650000000000002
2016-09-29,28.85
2016-09-30,28.73
2016-11-01,28.85
2016-11-02,28.23
2016-11-03,28.27
2016-11-04,28.09
2016-11-07,28.56
2016-11-08,28.610000000000003
2016-11-09,28.67
2016-11-10,28.82
2016-11-11,28.19
2016-11-14,27.959999999999997
2016-11-15,28.75
2016-11-16,28.71
2016-11-17,29
2016-11-18,28.72
2016-11-21,29.32
2016-11-22,29.4
2016-11-23,29.45
2016-11-24,29.62
2016-11-25,29.43
2016-11-28,29.24
2016-11-29,28.979999999999997
2016-11-30,29.959999999999997
2017-01-02,33.02
2017-01-03,33.32
2017-01-04,33.24
2017-01-05,33.2
2017-01-06,33.09
2017-01-09,32.63
2017-01-10,32.64
2017-01-11,32.879999999999995
2017-01-12,32.86
2017-01-13,33.03
2017-01-16,32.28
2017-01-17,32.18
2017-01-18,32.21
2017-01-19,31.93
2017-01-20,32.1
2017-01-23,31.66
2017-01-24,31.8
2017-01-25,32.03
2017-01-26,31.95
2017-01-27,31.779999999999998
2017-01-30,31.130000000000003
2017-01-31,30.91
2017-02-01,31.1
2017-02-02,30.959999999999997
2017-02-03,31.39
2017-02-06,31.2
2017-02-07,30.74
2017-02-08,30.68
2017-02-09,31.05
2017-02-10,31.259999999999998
2017-02-13,31.459999999999997
2017-02-14,31.419999999999998
2017-02-15,31.36
2017-02-16,31.24
2017-02-17,30.919999999999998
2017-02-20,31.01
2017-02-21,31.52
2017-02-22,31.32
2017-02-23,31.419999999999998
2017-02-24,31.09
2017-02-27,31
2017-02-28,31.03
2017-04-03,31.479999999999997
2017-04-04,31.810000000000002
2017-04-05,32.01
2017-04-06,32.24
2017-04-07,32.52
2017-04-10,32.49
2017-04-11,32.52
2017-04-12,32.59
2017-04-13,32.290000000000006
2017-04-18,31.310000000000002
2017-04-19,31.110000000000003
2017-04-20,31.05
2017-04-21,30.759999999999998
2017-04-24,31.24
2017-04-25,31.259999999999998
2017-04-26,31.45
2017-04-27,30.62
2017-04-28,30.630000000000003
2017-08-01,29.12
2017-08-02,29.18
2017-08-03,29.07
2017-08-04,29.29
2017-08-07,29.32
2017-08-08,29.41
2017-08-09,29.27
2017-08-10,29.17
2017-08-11,28.59
2017-08-14,28.68
2017-08-15,28.49
2017-08-16,28.68
2017-08-17,28.36
2017-08-18,28.25
2017-08-21,28.22
2017-08-22,28.43
2017-08-23,28.439999999999998
2017-08-24,28.35
2017-08-25,28.38
2017-08-28,28.25
2017-08-29,28.02
2017-08-30,28.24
2017-08-31,28.45
2017-09-01,28.66
2017-09-04,28.650000000000002
2017-09-05,28.86
2017-09-06,28.939999999999998
2017-09-07,29.03
2017-09-08,28.810000000000002
2017-09-11,29.03
2017-09-12,29.14
2017-09-13,29.29
2017-09-14,29.54
2017-09-15,29.43
2017-09-18,29.53
2017-09-19,29.72
2017-09-20,29.979999999999997
2017-09-21,30.19
2017-09-22,30.27
2017-09-25,30.64
2017-09-26,30.62
2017-09-27,30.6
2017-09-28,30.79
2017-09-29,30.759999999999998
2017-11-01,32.190000000000005
2017-11-02,32.260000000000005
2017-11-03,32.18
2017-11-06,32.41
2017-11-07,32.620000000000005
2017-11-08,32.59
2017-11-09,32.14
2017-11-10,31.830000000000002
2017-11-13,31.58
2017-11-14,31.07
2017-11-15,30.610000000000003
2017-11-16,30.54
2017-11-17,30.55
2017-11-20,30.62
2017-11-21,30.830000000000002
2017-11-22,30.959999999999997
2017-11-23,30.959999999999997
2017-11-24,30.8
2017-11-27,30.58
2017-11-28,31.01
2017-11-29,31.130000000000003
2017-11-30,31.07
2018-01-02,31.650000000000002
2018-01-03,32
2018-01-04,32.379999999999995
2018-01-05,32.53
2018-01-08,32.71
2018-01-09,32.8
2018-01-10,32.83
2018-01-11,33
2018-01-12,33.17
2018-01-15,33.13
2018-01-16,32.82
2018-01-17,32.7
2018-01-18,32.78
2018-01-19,32.49
2018-01-22,32.92
2018-01-23,32.94
2018-01-24,32.93
2018-01-25,32.77
2018-01-26,32.68
2018-01-29,32.48
2018-01-30,31.979999999999997
2018-01-31,31.85
2018-02-01,31.779999999999998
2018-02-02,31.23
2018-02-05,30.759999999999998
2018-02-06,29.91
2018-02-07,30.64
2018-02-08,30.21
2018-02-09,29.62
2018-02-12,29.979999999999997
2018-02-13,29.82
2018-02-14,29.830000000000002
2018-02-15,29.89
2018-02-16,30.21
2018-02-19,30.23
2018-02-20,30.479999999999997
2018-02-21,30.419999999999998
2018-02-22,30.479999999999997
2018-02-23,30.71
2018-02-26,30.87
2018-02-27,30.93
2018-02-28,30.759999999999998
2018-04-03,30.630000000000003
2018-04-04,30.77
2018-04-05,31.73
2018-04-06,31.68
2018-04-09,31.59
2018-04-10,32.14
2018-04-11,32.290000000000006
2018-04-12,32.379999999999995
2018-04-13,32.379999999999995
2018-04-16,32.08
2018-04-17,32.25
2018-04-18,32.760000000000005
2018-04-19,33.13
2018-04-20,33.09
2018-04-23,33.37
2018-04-24,33.75
2018-04-25,33.24
2018-04-26,33.86
2018-04-27,33.92
2018-04-30,33.949999999999996
2018-08-01,35.41
2018-08-02,35.02
2018-08-03,35.09
2018-08-06,35.260000000000005
2018-08-07,35.8
2018-08-08,35.58
2018-08-09,35.43
2018-08-10,34.94
2018-08-13,34.94
2018-08-14,34.760000000000005
2018-08-15,34.04
2018-08-16,34.09
2018-08-17,34.05
2018-08-20,34.339999999999996
2018-08-21,34.64
2018-08-22,34.93
2018-08-23,35
2018-08-24,35.309999999999995
2018-08-27,35.52
2018-08-28,35.3
2018-08-29,35.32
2018-08-30,35.349999999999994
2018-08-31,34.9
2018-09-03,35.09
2018-09-04,34.949999999999996
2018-09-05,34.33
2018-09-06,33.949999999999996
2018-09-07,33.87
2018-09-10,33.949999999999996
2018-09-11,34.43
2018-09-12,34.99
2018-09-13,34.71
2018-09-14,34.82
2018-09-17,34.86
2018-09-18,35.07
2018-09-19,35.190000000000005
2018-09-20,35.349999999999994
2018-09-21,35.47
2018-09-24,35.93
2018-09-25,36.690000000000005
2018-09-26,36.620000000000005
2018-09-27,36.8
2018-09-28,36.67
2018-11-01,33.46
2018-11-02,33.220000000000006
2018-11-05,33.720000000000006
2018-11-06,33.59
2018-11-07,34.06
2018-11-08,33.949999999999996
2018-11-09,33.48
2018-11-12,33.51
2018-11-13,32.91
2018-11-14,32.760000000000005
2018-11-15,33.02
2018-11-16,32.97
2018-11-19,32.61
2018-11-20,32.120000000000005
2018-11-21,32.63
2018-11-22,32.37
2018-11-23,31.49
2018-11-26,32.17
2018-11-27,32.09
2018-11-28,32.120000000000005
2018-11-29,32.24
2018-11-30,32.379999999999995
2019-01-02,30.979999999999997
2019-01-03,30.88
2019-01-04,31.79
2019-01-07,31.8
2019-01-08,31.830000000000002
2019-01-09,32.13
2019-01-10,32.14
2019-01-11,31.91
2019-01-14,31.939999999999998
2019-01-15,31.68
2019-01-16,31.64
2019-01-17,31.56
2019-01-18,32.24
2019-01-21,32.13
2019-01-22,31.759999999999998
2019-01-23,31.5
2019-01-24,31.73
2019-01-25,31.86
2019-01-28,31.259999999999998
2019-01-29,31.73
2019-01-30,31.87
2019-01-31,32.449999999999996
2019-02-01,32.49
2019-02-04,32.57
2019-02-05,33.160000000000004
2019-02-06,33.24
2019-02-07,32.68
2019-02-08,32.61
2019-02-11,32.809999999999995
2019-02-12,33.01
2019-02-13,33.190000000000005
2019-02-14,33.13
2019-02-15,33.56
2019-02-18,33.47
2019-02-19,33.48
2019-02-20,33.660000000000004
2019-02-21,33.58
2019-02-22,33.6
2019-02-25,33.42
2019-02-26,33.6
2019-02-27,33.65
2019-02-28,33.5
2019-04-01,34.61
2019-04-02,34.65
2019-04-03,34.83
2019-04-04,34.59
2019-04-05,34.89
2019-04-08,35.190000000000005
2019-04-09,34.91
2019-04-10,35.15
2019-04-11,34.92
2019-04-12,34.82
2019-04-15,34.48
2019-04-16,34.24
2019-04-17,34.46
2019-04-18,34.44
2019-04-23,35.13
2019-04-24,34.5
2019-04-25,34.449999999999996
2019-04-26,33.949999999999996
2019-04-29,33.61
2019-04-30,33.97
2019-08-01,31.93
2019-08-02,30.959999999999997
2019-08-05,30.32
2019-08-06,30.02
2019-08-07,29.73
2019-08-08,30.23
2019-08-09,29.939999999999998
2019-08-12,29.79
2019-08-13,30.3
2019-08-14,29.66
2019-08-15,29.39
2019-08-16,29.45
2019-08-19,30.09
2019-08-20,29.77
2019-08-21,30.21
2019-08-22,30.19
2019-08-23,29.72
2019-08-26,29.73
2019-08-27,29.84
2019-08-28,30.1
2019-08-29,30.36
2019-08-30,30.52
2019-09-02,30.56
2019-09-03,30.27
2019-09-04,30.650000000000002
2019-09-05,31.18
2019-09-06,30.86
2019-09-09,31.23
2019-09-10,31.86
2019-09-11,31.84
2019-09-12,31.43
2019-09-13,31.56
2019-09-16,32.44
2019-09-17,32.18
2019-09-18,32.290000000000006
2019-09-19,32.44
2019-09-20,32.82
2019-09-23,32.52
2019-09-24,32.2
2019-09-25,31.89
2019-09-26,32.03
2019-09-27,32.41
2019-09-30,32.379999999999995
2019-11-01,32.03
2019-11-04,32.660000000000004
2019-11-05,32.99
2019-11-06,32.91
2019-11-07,33.2
2019-11-08,33.07
2019-11-11,33.09
2019-11-12,33.190000000000005
2019-11-13,32.99
2019-11-14,32.879999999999995
2019-11-15,33.04
2019-11-18,32.790000000000006
2019-11-19,32.61
2019-11-20,32.49
2019-11-21,32.449999999999996
2019-11-22,32.58
2019-11-25,32.660000000000004
2019-11-26,32.309999999999995
2019-11-27,32.190000000000005
2019-11-28,32.120000000000005
2019-11-29,31.830000000000002
2020-01-02,32.720000000000006
2020-01-03,33.09
2020-01-06,33.52
2020-01-07,33.27
2020-01-08,33.18
2020-01-09,32.98
2020-01-10,33.08
2020-01-13,32.98
2020-01-14,32.86
2020-01-15,32.27
2020-01-16,32.47
2020-01-17,32.39
2020-01-20,32.36
2020-01-21,32.06
2020-01-22,31.84
2020-01-23,31.57
2020-01-24,31.68
2020-01-27,30.93
2020-01-28,31.130000000000003
2020-01-29,31.03
2020-01-30,30.23
2020-01-31,29.74
2020-02-03,29.4
2020-02-04,30.130000000000003
2020-02-05,30.759999999999998
2020-02-06,30.58
2020-02-07,30.34
2020-02-10,29.919999999999998
2020-02-11,30.32
2020-02-12,30.650000000000002
2020-02-13,30.54
2020-02-14,30.41
2020-02-17,30.5
2020-02-18,30.22
2020-02-19,30.49
2020-02-20,30.4
2020-02-21,29.95
2020-02-24,28.610000000000003
2020-02-25,28.06
2020-02-26,28.03
2020-02-27,26.97
2020-02-28,25.93
2020-04-01,21.779999999999998
2020-04-02,22.93
2020-04-03,21.87
2020-04-06,21.97
2020-04-07,22.419999999999998
2020-04-08,22.2
2020-04-09,22.25
2020-04-14,21.8
2020-04-15,20.110000000000003
2020-04-16,19.67
2020-04-17,20.419999999999998
2020-04-20,20.32
2020-04-21,19.43
2020-04-22,20.35
2020-04-23,20.959999999999997
2020-04-24,20.52
2020-04-27,20.73
2020-04-28,21.3
2020-04-29,22.06
2020-04-30,21.310000000000002
2020-08-03,20.68
2020-08-04,21.2
2020-08-05,21.62
2020-08-06,21.23
2020-08-07,21.02
2020-08-10,21.34
2020-08-11,22.12
2020-08-12,22.310000000000002
2020-08-13,22.05
2020-08-14,21.71
2020-08-17,21.610000000000003
2020-08-18,21.37
2020-08-19,21.459999999999997
2020-08-20,21.1
2020-08-21,20.97
2020-08-24,21.68
2020-08-25,21.38
2020-08-26,21.41
2020-08-27,21.24
2020-08-28,21.21
2020-08-31,21.08
2020-09-01,20.93
2020-09-02,21.05
2020-09-03,20.959999999999997
2020-09-04,20.72
2020-09-07,21.16
2020-09-08,20.39
2020-09-09,20.77
2020-09-10,20.67
2020-09-11,20.56
2020-09-14,20.35
2020-09-15,20.58
2020-09-16,20.69
2020-09-17,20.5
2020-09-18,20.16
2020-09-21,19.4
2020-09-22,19.66
2020-09-23,19.55
2020-09-24,19.130000000000003
2020-09-25,18.99
2020-09-28,19.34
2020-09-29,18.99
2020-09-30,19.150000000000002
2020-11-02,18.29
2020-11-03,18.79
2020-11-04,18.75
2020-11-05,18.759999999999998
2020-11-06,18.71
2020-11-09,20.67
2020-11-10,21.49
2020-11-11,21.56
2020-11-12,21.35
2020-11-13,21.37
2020-11-16,22.25
2020-11-17,22.4
2020-11-18,22.6
2020-11-19,22.27
2020-11-20,22.610000000000003
2020-11-23,23.310000000000002
2020-11-24,24.4
2020-11-25,24.1
2020-11-26,23.8
2020-11-27,24
2020-11-30,23.18
2021-01-04,24.02
2021-01-05,24.9
2021-01-06,25.84
2021-01-07,26.34
2021-01-08,26.419999999999998
2021-01-11,26.14
2021-01-12,26.330000000000002
2021-01-13,26.38
2021-01-14,26.66
2021-01-15,25.72
2021-01-18,25.73
2021-01-19,25.86
2021-01-20,26.05
2021-01-21,25.71
2021-01-22,25.36
2021-01-25,24.89
2021-01-26,25.01
2021-01-27,24.73
2021-01-28,24.610000000000003
2021-01-29,24.12
2021-02-01,23.939999999999998
2021-02-02,23.99
2021-02-03,24.32
2021-02-04,24.12
2021-02-05,24.130000000000003
2021-02-08,24.419999999999998
2021-02-09,24.110000000000003
2021-02-10,24.06
2021-02-11,24.08
2021-02-12,24.3
2021-02-15,25.279999999999998
2021-02-16,25.39
2021-02-17,25.479999999999997
2021-02-18,25
2021-02-19,25.130000000000003
2021-02-22,25.37
2021-02-23,25.479999999999997
2021-02-24,25.919999999999998
2021-02-25,26.330000000000002
2021-02-26,25.59
2021-04-01,26.41
2021-04-06,26.330000000000002
2021-04-07,26.3
2021-04-08,25.91
2021-04-09,25.73
2021-04-12,25.610000000000003
2021-04-13,25.650000000000002
2021-04-14,26.16
2021-04-15,25.82
2021-04-16,25.84
2021-04-19,25.77
2021-04-20,24.99
2021-04-21,25.19
2021-04-22,25.479999999999997
2021-04-23,25.35
2021-04-26,25.56
2021-04-27,25.6
2021-04-28,25.88
2021-04-29,25.67
2021-04-30,25.4
2021-08-02,25.23
2021-08-03,25.79
2021-08-04,25.69
2021-08-05,25.85
2021-08-06,26.04
2021-08-09,25.93
2021-08-10,26.05
2021-08-11,26.19
2021-08-12,26.130000000000003
2021-08-13,26.110000000000003
2021-08-16,25.7
2021-08-17,25.82
2021-08-18,25.89
2021-08-19,25.05
2021-08-20,25.07
2021-08-23,25.6
2021-08-24,25.82
2021-08-25,25.8
2021-08-26,25.759999999999998
2021-08-27,26.03
2021-08-30,26.03
2021-08-31,25.8
2021-09-01,25.75
2021-09-02,26.23
2021-09-03,26.02
2021-09-06,26.17
2021-09-07,26.18
2021-09-08,25.87
2021-09-09,25.68
2021-09-10,25.6
2021-09-13,26.3
2021-09-14,26.3
2021-09-15,26.650000000000002
2021-09-16,26.55
2021-09-17,26.259999999999998
2021-09-20,25.959999999999997
2021-09-21,26.5
2021-09-22,27.16
2021-09-23,27.52
2021-09-24,27.43
2021-09-27,28.2
2021-09-28,28.29
2021-09-29,28.34
2021-09-30,28.54
2021-11-01,29.630000000000003
2021-11-02,29.18
2021-11-03,28.310000000000002
2021-11-04,28.59
2021-11-05,28.73
2021-11-08,29
2021-11-09,28.86
2021-11-10,29.1
2021-11-11,28.979999999999997
2021-11-12,28.7
2021-11-15,28.87
2021-11-16,29.17
2021-11-17,29.09
2021-11-18,28.59
2021-11-19,27.87
2021-11-22,28.14
2021-11-23,28.29
2021-11-24,28.49
2021-11-25,28.57
2021-11-26,26.91
2021-11-29,27.45
2021-11-30,27.09
2022-01-03,28.66
2022-01-04,29.330000000000002
2022-01-05,29.68
2022-01-06,29.52
2022-01-07,29.650000000000002
2022-01-10,29.6
2022-01-11,30.03
2022-01-12,30.72
2022-01-13,30.72
2022-01-14,31
2022-01-17,30.82
2022-01-18,31.14
2022-01-19,31.21
2022-01-20,31.07
2022-01-21,30.09
2022-01-24,29.01
2022-01-25,29.73
2022-01-26,30.93
2022-01-27,31.14
2022-01-28,30.73
2022-01-31,30.53
2022-02-01,31.06
2022-02-02,30.82
2022-02-03,30.67
2022-02-04,31.3
2022-02-07,31.43
2022-02-08,30.85
2022-02-09,31.47
2022-02-10,31.4
2022-02-11,31.8
2022-02-14,31.19
2022-02-15,30.979999999999997
2022-02-16,31.479999999999997
2022-02-17,31.16
2022-02-18,30.82
2022-02-21,30.650000000000002
2022-02-22,30.630000000000003
2022-02-23,30.459999999999997
2022-02-24,30.36
2022-02-25,30.95
2022-02-28,30.87
2022-04-01,32.660000000000004
2022-04-04,32.59
2022-04-05,32.96
2022-04-06,32.83
2022-04-07,32.309999999999995
2022-04-08,33.4
2022-04-11,33.1
2022-04-12,33.55
2022-04-13,33.839999999999996
2022-04-14,34.03
2022-04-19,33.879999999999995
2022-04-20,33.75
2022-04-21,33.730000000000004
2022-04-22,32.82
2022-04-25,31.24
2022-04-26,31.53
2022-04-27,31.85
2022-04-28,32.44
2022-04-29,32.67
2022-08-01,32.63
2022-08-02,32.809999999999995
2022-08-03,32.9
2022-08-04,32.48
2022-08-05,32.68
2022-08-08,32.839999999999996
2022-08-09,33.190000000000005
2022-08-10,33.18
2022-08-11,33.99
2022-08-12,33.949999999999996
2022-08-15,33.5
2022-08-16,33.760000000000005
2022-08-17,33.82
2022-08-18,34.44
2022-08-19,34.48
2022-08-22,34.690000000000005
2022-08-23,35.78
2022-08-24,35.44
2022-08-25,35.809999999999995
2022-08-26,35.67
2022-08-29,35.83
2022-08-30,34.879999999999995
2022-08-31,33.98
2022-09-01,33.660000000000004
2022-09-02,34.4
2022-09-05,35.15
2022-09-06,34.260000000000005
2022-09-07,33.21
2022-09-08,33.220000000000006
2022-09-09,33.68
2022-09-12,34.11
2022-09-13,33.82
2022-09-14,34.09
2022-09-15,33.379999999999995
2022-09-16,32.82
2022-09-19,32.67
2022-09-20,32.48
2022-09-21,33.05
2022-09-22,32.99
2022-09-23,31.06
2022-09-26,30.93
2022-09-27,31.37
2022-09-28,31.43
2022-09-29,31.3
2022-09-30,31.67
2022-11-01,35.309999999999995
2022-11-02,35.28
2022-11-03,35.620000000000005
2022-11-04,36.05
2022-11-07,36.220000000000006
2022-11-08,35.620000000000005
2022-11-09,34.97
2022-11-10,34.98
2022-11-11,35.230000000000004
2022-11-14,35.13
2022-11-15,35.55
2022-11-16,35.44
2022-11-17,35.04
2022-11-18,35
2022-11-21,34.07
2022-11-22,35.7
2022-11-23,35.74
2022-11-24,35.89
2022-11-25,36.14
2022-11-28,35.65
2022-11-29,36.28
2022-11-30,36.879999999999995
2023-01-02,35.87
2023-01-03,35.59
2023-01-04,34.5
2023-01-05,34.720000000000006
2023-01-06,35.349999999999994
2023-01-09,35.53
2023-01-10,35.32
2023-01-11,35.65
2023-01-12,36.03
2023-01-13,36.11
2023-01-16,35.52
2023-01-17,35.75
2023-01-18,35.9
2023-01-19,35.13
2023-01-20,35.28
2023-01-23,35.46
2023-01-24,35
2023-01-25,34.7
2023-01-26,34.98
2023-01-27,35.33
2023-01-30,35.14
2023-01-31,34.98
2023-02-01,34.690000000000005
2023-02-02,34.17
2023-02-03,34.51
2023-02-06,34.2
2023-02-07,35.220000000000006
2023-02-08,35.809999999999995
2023-02-09,36.41
2023-02-10,37.230000000000004
2023-02-13,37.2
2023-02-14,37.32
2023-02-15,37.14
2023-02-16,37.49
2023-02-17,36.77
2023-02-20,36.790000000000006
2023-02-21,36.5
2023-02-22,36.02
2023-02-23,36.4
2023-02-24,36.260000000000005
2023-02-27,36.75
2023-02-28,36.690000000000005
2023-04-03,35.730000000000004
2023-04-04,35.220000000000006
2023-04-05,35.37
2023-04-06,35.56
2023-04-11,35.82
2023-04-12,35.89
2023-04-13,35.87
2023-04-14,35.949999999999996
2023-04-17,35.51
2023-04-18,35.449999999999996
2023-04-19,35.120000000000005
2023-04-20,34.849999999999994
2023-04-21,34.87
2023-04-24,35.09
2023-04-25,34.690000000000005
2023-04-26,34.78
2023-04-27,34.43
2023-04-28,35.1
2023-08-01,34.190000000000005
2023-08-02,33.620000000000005
2023-08-03,33.87
2023-08-04,34.41
2023-08-07,34.25
2023-08-08,34.13
2023-08-09,34.96
2023-08-10,35.05
2023-08-11,34.86
2023-08-14,34.6
2023-08-15,34.339999999999996
2023-08-16,34.32
2023-08-17,34.42
2023-08-18,34.309999999999995
2023-08-21,34.52
2023-08-22,34.690000000000005
2023-08-23,34.32
2023-08-24,34.41
2023-08-25,34.53
2023-08-28,34.82
2023-08-29,35.03
2023-08-30,35.05
2023-08-31,35.03
2023-09-01,35.690000000000005
2023-09-04,35.64
2023-09-05,36.07
2023-09-06,36.01
2023-09-07,35.98
2023-09-08,36.120000000000005
2023-09-11,36.339999999999996
2023-09-12,36.46
2023-09-13,36.28
2023-09-14,37.160000000000004
2023-09-15,37.13
2023-09-18,36.96
2023-09-19,37.32
2023-09-20,37.160000000000004
2023-09-21,36.879999999999995
2023-09-22,36.98
2023-09-25,36.91
2023-09-26,36.67
2023-09-27,37.24
2023-09-28,37.5
2023-09-29,37.02
2023-11-01,36.15
2023-11-02,36.94
2023-11-03,36.120000000000005
2023-11-06,36.39
2023-11-07,35.49
2023-11-08,35.33
2023-11-09,35.6
2023-11-10,35.71
2023-11-13,36.18
2023-11-14,36.160000000000004
2023-11-15,36.24
2023-11-16,35.37
2023-11-17,35.96
2023-11-20,36.46
2023-11-21,36.18
2023-11-22,35.57
2023-11-23,36.03
2023-11-24,36.27
2023-11-27,36.13
2023-11-28,36.2
2023-11-29,35.89
2023-11-30,36.27
2024-01-02,36.44
2024-01-03,36.46
2024-01-04,36.71
2024-01-05,36.7
2024-01-08,35.720000000000006
2024-01-09,35.61
2024-01-10,35.290000000000006
2024-01-11,35.13
2024-01-12,35.43
2024-01-15,35.27
2024-01-16,34.67
2024-01-17,34.02
2024-01-18,33.98
2024-01-19,33.809999999999995
2024-01-22,33.8
2024-01-23,34.01
2024-01-24,34.28
2024-01-25,34.41
2024-01-26,34.86
2024-01-29,35.17
2024-01-30,35.160000000000004
2024-01-31,35.04
2024-02-01,35.4
2024-02-02,34.9
2024-02-05,34.53
2024-02-06,35.220000000000006
2024-02-07,34.849999999999994
2024-02-08,34.720000000000006
2024-02-09,34.77
2024-02-12,35.01
2024-02-13,34.94
2024-02-14,34.879999999999995
2024-02-15,34.760000000000005
2024-02-16,34.91
2024-02-19,34.99
2024-02-20,34.61
2024-02-21,34.809999999999995
2024-02-22,34.89
2024-02-23,34.809999999999995
2024-02-26,34.65
2024-02-27,34.8
2024-02-28,34.620000000000005
2024-02-29,34.6
2024-04-02,37.790000000000006
2024-04-03,38.09
2024-04-04,38.220000000000006
2024-04-05,38.24
2024-04-08,38.61
2024-04-09,38.64
2024-04-10,38.879999999999995
2024-04-11,38.77
2024-04-12,39.720000000000006
2024-04-15,38.790000000000006
2024-04-16,38.1
2024-04-17,38.2
2024-04-18,38.04
2024-04-19,38.01
2024-04-22,38.46
2024-04-23,38.56
2024-04-24,38.5
2024-04-25,38.44
2024-04-26,38.61
2024-04-29,38.61
2024-04-30,38.339999999999996
2024-08-01,36.77
2024-08-02,35.86
2024-08-05,34.61
2024-08-06,34.83
2024-08-07,35.6
2024-08-08,35.67
2024-08-09,35.809999999999995
2024-08-12,36.04
2024-08-13,35.98
2024-08-14,35.97
2024-08-15,36.46
2024-08-16,36.43
2024-08-19,36.71
2024-08-20,35.92
2024-08-21,35.879999999999995
2024-08-22,35.7
2024-08-23,36.01
2024-08-26,36.260000000000005
2024-08-27,36.24
2024-08-28,36.09
2024-08-29,36.379999999999995
2024-08-30,36.06
2024-09-02,36.13
2024-09-03,35.13
2024-09-04,34.879999999999995
2024-09-05,34.809999999999995
2024-09-06,34.09
2024-09-09,34.349999999999994
2024-09-10,33.8
2024-09-11,33.83
2024-09-12,34.220000000000006
2024-09-13,34.660000000000004
2024-09-16,34.64
2024-09-17,34.93
2024-09-18,34.97
2024-09-19,35.5
2024-09-20,35.09
2024-09-23,35.43
2024-09-24,35.48
2024-09-25,34.94
2024-09-26,33.879999999999995
2024-09-27,34.120000000000005
2024-09-30,34.17
2024-11-01,33.97
2024-11-04,34.11
2024-11-05,34.13
2024-11-06,33.82
2024-11-07,34.1
2024-11-08,33.720000000000006
2024-11-11,33.86
2024-11-12,33.18
2024-11-13,33.61
2024-11-14,34.25
2024-11-15,34.61
2024-11-18,34.730000000000004
2024-11-19,34.49
2024-11-20,34.53
2024-11-21,34.949999999999996
2024-11-22,35.120000000000005
2024-11-25,34.77
2024-11-26,34.349999999999994
2024-11-27,34.28
2024-11-28,34.44
2024-11-29,34.58
2025-01-02,34.839999999999996
2025-01-03,35.25
2025-01-06,35.61
2025-01-07,35.879999999999995
2025-01-08,35.4
2025-01-09,35.660000000000004
2025-01-10,35.58
2025-01-13,35.97
2025-01-14,35.7
2025-01-15,35.620000000000005
2025-01-16,35.6
2025-01-17,35.91
2025-01-20,35.620000000000005
2025-01-21,35.44
2025-01-22,35.5
2025-01-23,35.690000000000005
2025-01-24,35.339999999999996
2025-01-27,34.5
2025-01-28,34.690000000000005
2025-01-29,34.9
2025-01-30,35.53
2025-01-31,35.68
2025-02-03,35.339999999999996
2025-02-04,35.64
2025-02-05,35.8
2025-02-06,35.9
2025-02-07,36.05
2025-02-10,36.56
2025-02-11,36.849999999999994
2025-02-12,36.93
2025-02-13,36.74
2025-02-14,36.879999999999995
2025-02-17,36.96
2025-02-18,37.06
2025-02-19,36.91
2025-02-20,36.849999999999994
2025-02-21,36.51
2025-02-24,36.32
2025-02-25,35.89
2025-02-26,36.25
2025-02-27,36.41
2025-02-28,36.21
2025-04-01,37.36
2025-04-02,37.18
2025-04-03,35.27
2025-04-04,32.82
2025-04-07,31.23
2025-04-08,31.64
2025-04-09,30.07
2025-04-10,30.830000000000002
2025-04-11,30.47
2025-04-14,31.43
2025-04-15,31.49
2025-04-16,31.88
2025-04-17,32.379999999999995
2025-04-22,32.4
2025-04-23,32.52
2025-04-24,32.8
2025-04-25,33.120000000000005
2025-04-28,33.21
2025-04-29,33.1
2025-04-30,32.82
2025-08-01,37.44
2025-08-04,37.54
2025-08-05,37.78
2025-08-06,38.260000000000005
2025-08-07,37.75
2025-08-08,37.760000000000005
2025-08-11,37.82
2025-08-12,38.37
2025-08-13,37.9
2025-08-14,37.91
2025-08-15,37.949999999999996
2025-08-18,38.120000000000005
2025-08-19,38.220000000000006
2025-08-20,38.190000000000005
2025-08-21,38.51
2025-08-22,38.730000000000004
2025-08-25,38.68
2025-08-26,38.57
2025-08-27,38.620000000000005
2025-08-28,38.56
2025-08-29,38.53
2025-09-01,38.51
2025-09-02,38.18
2025-09-03,37.849999999999994
2025-09-04,38.03
2025-09-05,37.349999999999994
2025-09-08,37.58
2025-09-09,38.02
2025-09-10,38.24
2025-09-11,38.06
2025-09-12,37.91
2025-09-15,38.02
2025-09-16,37.99
2025-09-17,37.58
2025-09-18,37.87
2025-09-19,37.58
2025-09-22,37.75
2025-09-23,38.21
2025-09-24,38.790000000000006
2025-09-25,38.879999999999995
2025-09-26,39.379999999999995
2025-09-29,38.839999999999996
2025-09-30,38.230000000000004
2025-11-03,40.28
2025-11-04,40.1
2025-11-05,40.46
2025-11-06,40.190000000000005
2025-11-07,40.160000000000004
2025-11-10,40.71
2025-11-11,41.5
2025-11-12,41.24
2025-11-13,40.949999999999996
2025-11-14,41.41
2025-11-17,41.690000000000005
2025-11-18,40.78
2025-11-19,40.6
2025-11-20,41.06
NA,40.01
NA,40.190000000000005
NA,40.13
NA,39.620000000000005
NA,39.620000000000005
NA,39.68
NA,39.47
NA,38.43
NA,38.17
NA,38.13
NA,37.97
NA,38.25
NA,38.3
NA,38.49
NA,38.879999999999995
NA,38.720000000000006
NA,39.77
NA,39.68
NA,39.46
NA,39.41
NA,38.86
NA,38.97
NA,38.14
NA,38.120000000000005
NA,38.08
NA,37.790000000000006
NA,37.379999999999995
NA,37.46
NA,37.690000000000005
NA,37.06
NA,37.11
NA,37.27
NA,37.03
NA,36.790000000000006
NA,37.09
NA,37.4
NA,37.730000000000004
NA,37.43
NA,37.28
NA,37.01
NA,36.620000000000005
NA,37.07
NA,37.160000000000004
NA,36.86
NA,36.39
NA,36.55
NA,36.77
NA,36.61
NA,36.4
NA,36.56
NA,37.49
NA,37.55
NA,37.78
NA,37.41
NA,37.63
NA,37.190000000000005
NA,37.04
NA,36.809999999999995
NA,36.41
NA,36.4
NA,35.83
NA,35.54
NA,35.620000000000005
NA,35.91
NA,35.53
NA,35.05
NA,34.97
NA,35.15
NA,35.1
NA,34.879999999999995
NA,34.46
NA,34.58
NA,34.91
NA,35.13
NA,34.92
NA,35.09
NA,34.849999999999994
NA,34.949999999999996
NA,35.14
NA,34.8
NA,34.05
NA,33.39
NA,33.02
NA,33.37
NA,33.07
NA,33.28
NA,37.290000000000006
NA,37.27
NA,37.94
NA,38.03
NA,37.44
NA,37.07
NA,37.32
NA,37.449999999999996
NA,37.39
NA,36.78
NA,36.43
NA,35.91
NA,35.55
NA,35.25
NA,34.77
NA,34.93
NA,34.96
NA,34.87
NA,34.61
NA,34.760000000000005
NA,36.27
NA,33.660000000000004
NA,33.58
NA,33.14
NA,33.03
NA,33.160000000000004
NA,33.44
NA,33.260000000000005
NA,33.71
NA,34.04
NA,34.230000000000004
NA,34.37
NA,34.53
NA,34.71
NA,34.02
NA,34.290000000000006
NA,34.44
NA,34.71
NA,34.4
NA,33.690000000000005
NA,33.720000000000006
NA,33.89
NA,34.309999999999995
NA,34.77
NA,34.42
NA,34.33
NA,34.620000000000005
NA,34.449999999999996
NA,34.230000000000004
NA,34.42
NA,34.05
NA,33.91
NA,35.55
NA,35.58
NA,35.49
NA,35.349999999999994
NA,35.32
NA,36.14
NA,35.86
NA,35.2
NA,34.65
NA,37.160000000000004
NA,36.5
NA,36.53
NA,36.46
NA,36.27
NA,36.41
NA,36.32
NA,36.690000000000005
NA,36.64
NA,36.99
NA,36.6
NA,36.42
NA,37
NA,37.349999999999994
NA,37.120000000000005
NA,37.18
NA,37.1
NA,37.68
NA,38.09
NA,38.46
NA,38.04
NA,37.96
NA,37.7
NA,37.37
NA,37.28
NA,37.21
NA,37.449999999999996
NA,37.33
NA,36.97
NA,37.190000000000005
NA,36.78
NA,36.720000000000006
NA,36.339999999999996
NA,36.339999999999996
NA,36.58
NA,37.1
NA,37.13
NA,37.4
NA,37.07
NA,37.11
NA,36.98
NA,36.96
NA,37.949999999999996
NA,38.24
NA,37.949999999999996
NA,38.11
NA,38.309999999999995
NA,38.260000000000005
NA,37.9
NA,37.93
NA,37.8
NA,38.27
NA,38.18
NA,38.230000000000004
NA,38.449999999999996
NA,38.760000000000005
NA,38.97
NA,38.98
NA,38.57
NA,38.260000000000005
NA,38.160000000000004
NA,38.17
NA,37.760000000000005
NA,37.93
NA,36.879999999999995
NA,36.64
NA,36.91
NA,37.1
NA,36.760000000000005
NA,36.6
NA,36.46
NA,36.620000000000005
NA,36.1
NA,35.93
NA,35.96
NA,35.82
NA,35.39
NA,35.120000000000005
NA,35.220000000000006
NA,35.21
NA,35.25
NA,34.879999999999995
NA,34.82
NA,35.08
NA,36.14
NA,36.09
NA,36.339999999999996
NA,36.13
NA,36
NA,36.160000000000004
NA,35.92
NA,35.93
NA,35.54
NA,35.78
NA,35.290000000000006
NA,35.379999999999995
NA,35.86
NA,35.93
NA,35.44
NA,35.61
NA,35.99
NA,35.94
NA,36.5
NA,36.11
NA,36.41
NA,36.55
NA,36.54
NA,36.59
NA,36.660000000000004
NA,36.63
NA,36.91
NA,37.32
NA,37.7
NA,37.6
NA,37.5
NA,37.82
NA,37.36
NA,36.879999999999995
NA,37.09
NA,36.660000000000004
NA,35.64
NA,35.28
NA,35.290000000000006
NA,36.4
NA,34.46
NA,34.04
NA,34.309999999999995
NA,34.52
NA,34.690000000000005
NA,34.8
NA,34.309999999999995
NA,34
NA,33.620000000000005
NA,33.260000000000005
NA,32.91
NA,33.32
NA,34.02
NA,33.97
NA,33.54
NA,33.09
NA,32.97
NA,32.68
NA,33.59
NA,34.160000000000004
NA,34.03
NA,33.51
NA,33.11
NA,32.99
NA,32.89
NA,33.25
NA,32.98
NA,33.730000000000004
NA,34.160000000000004
NA,33.75
NA,34.21
NA,34.33
NA,34.220000000000006
NA,34.21
NA,34.190000000000005
NA,33.8
NA,34.24
NA,34.230000000000004
NA,34.18
NA,33.849999999999994
NA,33.93
NA,34.02
NA,33.25
NA,32.71
NA,33.349999999999994
NA,34.04
NA,33.790000000000006
NA,34.57
NA,34.809999999999995
NA,34.51
NA,34.620000000000005
NA,34.48
NA,34.37
NA,34.220000000000006
NA,34.48
NA,34.37
NA,33.86
NA,34.290000000000006
NA,34.160000000000004
NA,34.47
NA,34.290000000000006
NA,33.37
NA,33.260000000000005
NA,33.52
NA,34.36
NA,34.33
NA,34
NA,33.730000000000004
NA,33.15
NA,32.7
NA,33.61
NA,33.97
NA,33.9
NA,33.15
NA,32.71
NA,32.809999999999995
NA,33.08
NA,35.46
NA,34.92
NA,36.37
NA,36.65
NA,36.77
NA,36.83
NA,37.1
NA,36.92
NA,37.05
NA,36.54
NA,35.15
NA,35.6
NA,35.53
NA,35.82
NA,35.68
NA,35.51
NA,35.59
NA,34.94
NA,34.82
NA,34.220000000000006
NA,34.91
NA,35.57
NA,35.78
NA,35.2
NA,35.1
NA,35.15
NA,35.09
NA,35.790000000000006
NA,36.08
NA,36.120000000000005
NA,36.51
NA,34.730000000000004
NA,34.58
NA,34.68
NA,33.49
NA,33.18
NA,33.349999999999994
NA,33.11
NA,33.09
NA,32.64
NA,32.349999999999994
NA,32.809999999999995
NA,32.849999999999994
NA,33.06
NA,32.17
NA,32.54
NA,33.13
NA,33.48
NA,33.1
NA,33.53
NA,33.309999999999995
NA,33.17
NA,32.260000000000005
NA,32.06
NA,31.74
NA,31.479999999999997
NA,31.18
NA,30.79
NA,31.38
NA,31.21
NA,31.09
NA,30.25
NA,29.85
NA,31.03
NA,31.04
NA,31.419999999999998
NA,31.58
NA,31.45
NA,30.22
NA,30.68
NA,32.68
NA,31.439999999999998
NA,31.830000000000002
NA,32.52
NA,32.57
NA,31.93
NA,31.55
NA,30.919999999999998
NA,31.54
NA,32.61
NA,32.2
NA,31.51
NA,32.83
NA,34.09
NA,34.33
NA,34.06
NA,35.09
NA,36.09
NA,36.55
NA,36.339999999999996
NA,35.41
NA,35.2
NA,35.3
NA,35.75
NA,35.6
NA,35.49
NA,35.59
NA,35.220000000000006
NA,34.56
NA,34.91
NA,34.15
NA,33.98
NA,34.41
NA,34.2
NA,33.78
NA,33.42
NA,32.53
NA,33.28
NA,32.21
NA,32.160000000000004
NA,33.74
NA,33.57
NA,33.379999999999995
NA,33.25
NA,31.93
NA,32.25
NA,32.37
NA,31.330000000000002
NA,31.95
NA,32.63
NA,32.220000000000006
NA,32.260000000000005
NA,31.62
NA,31.57
NA,30.650000000000002
NA,30.89
NA,30.23
NA,30.37
NA,30.41
NA,30.830000000000002
NA,30.8
NA,31.37
NA,32.160000000000004
NA,31.06
NA,29.79
NA,30.779999999999998
NA,31.99
NA,30.75
NA,28.32
NA,28.35
NA,28.56
NA,28.47
NA,28.47
NA,28.22
NA,28.130000000000003
NA,27.330000000000002
NA,27.810000000000002
NA,28.29
NA,27.52
NA,27.88
NA,27.82
NA,28.29
NA,28.41
NA,28.75
NA,28.9
NA,28.24
NA,27.72
NA,27.64
NA,27.650000000000002
NA,29.36
NA,29.53
NA,29.9
NA,30.150000000000002
NA,30.150000000000002
NA,29.85
NA,30.01
NA,30.37
NA,30.02
NA,29.88
NA,29.919999999999998
NA,29.759999999999998
NA,29.43
NA,29.49
NA,29.51
NA,29.12
NA,28.68
NA,28.630000000000003
NA,29.2
NA,28.73
NA,28.45
NA,25.130000000000003
NA,25.51
NA,25.16
NA,24.99
NA,25.22
NA,24.7
NA,24.82
NA,24.87
NA,24.1
NA,24.01
NA,24.93
NA,25.22
NA,26.1
NA,26.14
NA,26.34
NA,26.21
NA,26.03
NA,26.330000000000002
NA,26.59
NA,27.05
NA,26.9
NA,27.07
NA,26.52
NA,26.77
NA,26.6
NA,27.24
NA,27.23
NA,26.86
NA,26.85
NA,26.610000000000003
NA,26.34
NA,27.130000000000003
NA,27.37
NA,27.41
NA,27.36
NA,26.830000000000002
NA,26.69
NA,26.77
NA,26.66
NA,26.650000000000002
NA,26.71
NA,26.79
NA,26.67
NA,26.45
NA,25.87
NA,26.01
NA,25.9
NA,26.02
NA,25.84
NA,26.14
NA,25.88
NA,25.72
NA,26.45
NA,26.34
NA,26.279999999999998
NA,25.75
NA,26.09
NA,25.58
NA,26.27
NA,26.25
NA,26.02
NA,26.32
NA,25.49
NA,25.52
NA,26.52
NA,26.630000000000003
NA,26.459999999999997
NA,26.29
NA,25.74
NA,26.19
NA,25.89
NA,26.29
NA,26.39
NA,26.630000000000003
NA,26.79
NA,27.03
NA,27.32
NA,27.72
NA,27.610000000000003
NA,27.24
NA,26.979999999999997
NA,26.759999999999998
NA,26.67
NA,26.479999999999997
NA,26.03
NA,25.97
NA,26.05
NA,24.12
NA,24.23
NA,24.279999999999998
NA,24.07
NA,23.479999999999997
NA,23.21
NA,24.08
NA,24.18
NA,24.25
NA,24.130000000000003
NA,23.99
NA,24.21
NA,24.6
NA,24.23
NA,24.22
NA,24.24
NA,24.35
NA,23.610000000000003
NA,23.71
NA,23.419999999999998
NA,17.66
NA,17.35
NA,17.14
NA,17.66
NA,18.04
NA,18.630000000000003
NA,18.39
NA,18.4
NA,18.75
NA,18.87
NA,18.959999999999997
NA,18.74
NA,19.57
NA,19.45
NA,19.64
NA,19.72
NA,19.56
NA,19.24
NA,19.38
NA,19.14
NA,18.759999999999998
NA,18.830000000000002
NA,20.24
NA,20.6
NA,21.18
NA,21.29
NA,21.32
NA,21.6
NA,21.66
NA,21.66
NA,22.29
NA,21.77
NA,21.939999999999998
NA,22.16
NA,22.07
NA,22.04
NA,21.86
NA,21.55
NA,21.43
NA,22.02
NA,22.19
NA,22.34
NA,22.03
NA,22.27
NA,21.91
NA,21.66
NA,21.97
NA,21.77
NA,21.97
NA,21.85
NA,22.7
NA,22.29
NA,22.53
NA,22.4
NA,22.610000000000003
NA,22.759999999999998
NA,22.06
NA,22.27
NA,22.09
NA,23.56
NA,23.99
NA,24.72
NA,24.439999999999998
NA,23.09
NA,23.27
NA,22.67
NA,21.439999999999998
NA,22.05
NA,21.979999999999997
NA,21.72
NA,21.55
NA,21.22
NA,21.35
NA,21.73
NA,21.37
NA,21.62
NA,20.23
NA,20.130000000000003
NA,20.5
NA,21.17
NA,21.17
NA,21.34
NA,21.17
NA,20.7
NA,21.34
NA,20.05
NA,22.03
NA,20.75
NA,19.93
NA,20.89
NA,20.77
NA,19.49
NA,16.82
NA,16.66
NA,15.69
NA,15.17
NA,16.830000000000002
NA,16.51
NA,17.650000000000002
NA,17.58
NA,20.459999999999997
NA,20.88
NA,20.71
NA,24.91
NA,26.34
NA,26.88
NA,26.630000000000003
NA,26.27
NA,32.5
NA,32.690000000000005
NA,32.64
NA,32.48
NA,32.42
NA,32.230000000000004
NA,32.21
NA,31.959999999999997
NA,31.72
NA,31.6
NA,31.36
NA,31.459999999999997
NA,31.54
NA,31.86
NA,31.419999999999998
NA,31.52
NA,31.14
NA,31.58
NA,31.6
NA,32.13
NA,32.14
NA,32.43
NA,32.309999999999995
NA,32.24
NA,32.1
NA,31.84
NA,31.45
NA,31.23
NA,31.3
NA,31.310000000000002
NA,31.439999999999998
NA,31.459999999999997
NA,31.75
NA,31.18
NA,30.99
NA,30.89
NA,31.29
NA,30.97
NA,31.02
NA,32.09
NA,32.4
NA,32.230000000000004
NA,32.58
NA,32.67
NA,32.75
NA,32.96
NA,32.879999999999995
NA,32.52
NA,32.379999999999995
NA,32.21
NA,32.6
NA,33.290000000000006
NA,33.4
NA,33.82
NA,33.8
NA,33.58
NA,33.379999999999995
NA,33.58
NA,33.36
NA,33.5
NA,33.37
NA,33.56
NA,33.78
NA,33.28
NA,33.28
NA,33.54
NA,33.24
NA,33.3
NA,33.51
NA,33.28
NA,32.83
NA,32.879999999999995
NA,32.27
NA,32.449999999999996
NA,32.4
NA,32.349999999999994
NA,33.06
NA,32.59
NA,32.21
NA,32.05
NA,32.25
NA,32.1
NA,31.979999999999997
NA,32.14
NA,32.11
NA,32.660000000000004
NA,32.65
NA,32.57
NA,32.48
NA,33.620000000000005
NA,33.9
NA,33.57
NA,33.61
NA,33.4
NA,32.82
NA,32.720000000000006
NA,32.260000000000005
NA,32.32
NA,32.15
NA,32.52
NA,32.39
NA,33.190000000000005
NA,33.690000000000005
NA,33.57
NA,34.21
NA,33.96
NA,34.04
NA,34.14
NA,33.87
NA,34.13
NA,34.65
NA,34.54
NA,34.94
NA,34.790000000000006
NA,34.4
NA,34.42
NA,34.160000000000004
NA,33.61
NA,33.620000000000005
NA,33.290000000000006
NA,33.9
NA,33.9
NA,33.77
NA,33.660000000000004
NA,33.46
NA,30.57
NA,29.91
NA,30.39
NA,30.37
NA,30.97
NA,30.82
NA,31.47
NA,31.9
NA,31.959999999999997
NA,31.91
NA,31.55
NA,31.16
NA,31.919999999999998
NA,31.23
NA,32.44
NA,32.879999999999995
NA,33.01
NA,34.24
NA,33.25
NA,33.290000000000006
NA,33
NA,33.27
NA,33.11
NA,33.18
NA,34.07
NA,34.58
NA,34.49
NA,34.83
NA,35.08
NA,34.83
NA,34.91
NA,34.949999999999996
NA,36.09
NA,36.339999999999996
NA,35.790000000000006
NA,36.39
NA,36.91
NA,36.86
NA,36.93
NA,35.71
NA,35.4
NA,35.39
NA,35.04
NA,34.87
NA,34.89
NA,34.690000000000005
NA,34.68
NA,34.75
NA,34.620000000000005
NA,34.6
NA,34.59
NA,35.44
NA,35.44
NA,35.46
NA,36.290000000000006
NA,35.8
NA,35.32
NA,35.52
NA,35.260000000000005
NA,35.220000000000006
NA,34.839999999999996
NA,35.15
NA,35.18
NA,35.339999999999996
NA,34.48
NA,34.339999999999996
NA,35.2
NA,34.15
NA,34.449999999999996
NA,34.760000000000005
NA,34.949999999999996
NA,34.82
NA,35.57
NA,34.92
NA,35.21
NA,35.51
NA,35.25
NA,35.53
NA,35.02
NA,34.91
NA,35.120000000000005
NA,35.27
NA,34.82
NA,34.14
NA,33.98
NA,34.18
NA,34.83
NA,35.379999999999995
NA,36.36
NA,36.39
NA,36.349999999999994
NA,35.809999999999995
NA,35.809999999999995
NA,35.5
NA,35.309999999999995
NA,35.160000000000004
NA,34.17
NA,34.67
NA,34.25
NA,33.83
NA,33.96
NA,30.43
NA,30.21
NA,30.47
NA,30.21
NA,30.16
NA,30.29
NA,30.68
NA,30.279999999999998
NA,29.979999999999997
NA,30.54
NA,30.110000000000003
NA,30.16
NA,30.37
NA,30.5
NA,30.479999999999997
NA,30.279999999999998
NA,30.19
NA,30.279999999999998
NA,30.09
NA,29.72
NA,30.459999999999997
NA,31.62
NA,31.759999999999998
NA,31.86
NA,31.759999999999998
NA,31.74
NA,31.29
NA,31.25
NA,31.479999999999997
NA,31.150000000000002
NA,31.38
NA,31.37
NA,31.69
NA,31.21
NA,31.03
NA,30.959999999999997
NA,31.05
NA,31.16
NA,31.310000000000002
NA,31.130000000000003
NA,31.66
NA,31.27
NA,30.85
NA,30.55
NA,30.830000000000002
NA,30.64
NA,30.58
NA,30.47
NA,30.54
NA,30.630000000000003
NA,30.79
NA,31.06
NA,30.85
NA,30.95
NA,30.91
NA,30.79
NA,30.74
NA,31.06
NA,30.79
NA,30.71
NA,28.84
NA,28.82
NA,28.75
NA,28.87
NA,28.650000000000002
NA,28.38
NA,28.479999999999997
NA,28.830000000000002
NA,28.8
NA,28.630000000000003
NA,28.919999999999998
NA,29.24
NA,29.09
NA,29.04
NA,28.62
NA,28.7
NA,28.57
NA,28.91
NA,29.01
NA,29.41
NA,29.4
NA,28.86
NA,29.08
NA,29.419999999999998
NA,29.41
NA,29.3
NA,29.3
NA,29.36
NA,29.45
NA,29.52
NA,30.18
NA,29.93
NA,29.759999999999998
NA,29.939999999999998
NA,30.419999999999998
NA,30.34
NA,30.29
NA,30.150000000000002
NA,30.110000000000003
NA,30.32
NA,30.32
NA,30.72
NA,30.610000000000003
NA,30.95
NA,31.03
NA,30.979999999999997
NA,31.3
NA,31.68
NA,31.68
NA,31.74
NA,31.759999999999998
NA,31.58
NA,31.74
NA,31.919999999999998
NA,31.87
NA,31.58
NA,31.66
NA,31.67
NA,31.4
NA,31.25
NA,31.17
NA,30.54
NA,30.57
NA,30.68
NA,31.69
NA,31.72
NA,31.35
NA,31.03
NA,30.759999999999998
NA,30.93
NA,31.16
NA,30.939999999999998
NA,31.04
NA,30.959999999999997
NA,31.19
NA,31.17
NA,30.9
NA,30.57
NA,31.09
NA,31.07
NA,30.73
NA,31.21
NA,31.459999999999997
NA,31.52
NA,31.68
NA,31.650000000000002
NA,31.58
NA,32.78
NA,32.78
NA,32.8
NA,32.57
NA,32.51
NA,32.47
NA,32.339999999999996
NA,32.41
NA,32.05
NA,32.230000000000004
NA,31.759999999999998
NA,31.610000000000003
NA,31.71
NA,31.56
NA,31.04
NA,30.85
NA,30.67
NA,30.36
NA,30.37
NA,30.29
NA,30.52
NA,29.18
NA,29.62
NA,29.779999999999998
NA,29.57
NA,29.89
NA,29.87
NA,29.939999999999998
NA,29.89
NA,29.77
NA,29.54
NA,29.22
NA,29.9
NA,29.45
NA,29.62
NA,29.610000000000003
NA,30.05
NA,29.479999999999997
NA,29.5
NA,29.5
NA,29.35
NA,28
NA,28.03
NA,28.52
NA,28.479999999999997
NA,28.45
NA,29.05
NA,29.27
NA,29.21
NA,29.24
NA,29.21
NA,29.45
NA,29.919999999999998
NA,29.6
NA,29.89
NA,29.43
NA,29.06
NA,28.72
NA,28.38
NA,29
NA,29.36
NA,29.57
NA,29.25
NA,28.85
NA,27.56
NA,26.91
NA,27.41
NA,29.2
NA,28.66
NA,28.610000000000003
NA,28.43
NA,27.49
NA,26.73
NA,26.810000000000002
NA,26.630000000000003
NA,27.41
NA,27.830000000000002
NA,28.32
NA,28.610000000000003
NA,28.53
NA,27.8
NA,27.279999999999998
NA,27.34
NA,27.479999999999997
NA,27.86
NA,28.130000000000003
NA,28.110000000000003
NA,28.22
NA,28.3
NA,27.6
NA,27.12
NA,27.43
NA,27.06
NA,27.73
NA,27.59
NA,27.34
NA,27.36
NA,27.3
NA,27.2
NA,26.79
NA,27.330000000000002
NA,27.259999999999998
NA,26.87
NA,27.22
NA,28.01
NA,26.39
NA,26.88
NA,26.14
NA,26.41
NA,26.75
NA,27.19
NA,27.150000000000002
NA,27.459999999999997
NA,27.54
NA,26.88
NA,26.45
NA,26.939999999999998
NA,26.97
NA,26.27
NA,27.150000000000002
NA,26.919999999999998
NA,27.6
NA,27.47
NA,27.14
NA,26.86
NA,26.51
NA,26.810000000000002
NA,27.14
NA,26.85
NA,27.18
NA,25.95
NA,25.650000000000002
NA,26.07
NA,26.29
NA,26.37
NA,26.39
NA,25.41
NA,26.09
NA,27.08
NA,27.06
NA,26.67
NA,27.04
NA,27.830000000000002
NA,28.39
NA,29.54
NA,29.59
NA,28.54
NA,28.68
NA,28.71
NA,28.2
NA,28.89
NA,29.259999999999998
NA,29.3
NA,28.82
NA,28.62
NA,28.830000000000002
NA,29.19
NA,28.91
NA,28.93
NA,29
NA,29.279999999999998
NA,29.64
NA,29.53
NA,29.53
NA,28.75
NA,27.939999999999998
NA,26.650000000000002
NA,26.2
NA,30.53
NA,30.810000000000002
NA,30.25
NA,29.66
NA,29.259999999999998
NA,30.03
NA,30.41
NA,30.84
NA,31.25
NA,31.38
NA,31.439999999999998
NA,31.6
NA,31.479999999999997
NA,31.71
NA,31.45
NA,31.08
NA,30.75
NA,30.24
NA,30.04
NA,30.87
NA,31.35
NA,31.610000000000003
NA,31.21
NA,31.130000000000003
NA,31.610000000000003
NA,32.47
NA,32.620000000000005
NA,32.690000000000005
NA,32.42
NA,32.08
NA,31.59
NA,31.5
NA,31.69
NA,31.45
NA,31.419999999999998
NA,31.74
NA,32.28
NA,32.13
NA,31.5
NA,31.6
NA,31.939999999999998
NA,31.779999999999998
NA,32.46
NA,32.64
NA,32.660000000000004
NA,32.93
NA,33.32
NA,33.61
NA,33.349999999999994
NA,33.730000000000004
NA,33.89
NA,34.04
NA,33.57
NA,33.4
NA,33.220000000000006
NA,33.3
NA,33.83
NA,33.760000000000005
NA,33.71
NA,33.92
NA,33.78
NA,32.93
NA,33.59
NA,33.78
NA,33.660000000000004
NA,30.95
NA,31.27
NA,31.150000000000002
NA,31.279999999999998
NA,31.419999999999998
NA,31.39
NA,31.62
NA,31.77
NA,31.150000000000002
NA,30.67
NA,30.279999999999998
NA,29.91
NA,30.01
NA,30.779999999999998
NA,30.779999999999998
NA,30.72
NA,31.82
NA,31.830000000000002
NA,31.87
NA,31.75
NA,31.7
NA,31.9
NA,28.91
NA,29.439999999999998
NA,29.419999999999998
NA,29.12
NA,29.24
NA,28.74
NA,27.99
NA,27.12
NA,26.35
NA,27.07
NA,28.07
NA,28.16
NA,28.7
NA,29.279999999999998
NA,29.830000000000002
NA,29.75
NA,30.630000000000003
NA,30.52
NA,29.59
NA,32.2
NA,31.79
NA,31.779999999999998
NA,31.459999999999997
NA,31.1
NA,31.419999999999998
NA,31.86
NA,31.59
NA,31.41
NA,30.38
NA,31.110000000000003
NA,29.95
NA,30.130000000000003
NA,31.57
NA,31.99
NA,31.8
NA,32.760000000000005
NA,33.02
NA,33.43
NA,33.9
NA,33.7
NA,35.08
NA,35.43
NA,35.78
NA,36.5
NA,36.55
NA,36.5
NA,36.839999999999996
NA,36.809999999999995
NA,36.809999999999995
NA,36.04
NA,36.290000000000006
NA,36.339999999999996
NA,36.86
NA,36.27
NA,36.8
NA,36.67
NA,36.620000000000005
NA,37.190000000000005
NA,37.2
NA,37.790000000000006
NA,38.25
NA,38.24
NA,38.190000000000005
NA,38.01
NA,37.78
NA,37.730000000000004
NA,37.87
NA,37.87
NA,38.5
NA,38.48
NA,38.349999999999994
NA,38.230000000000004
NA,37.9
NA,37.65
NA,37.720000000000006
NA,37.87
NA,37.46
NA,37.03
NA,37.24
NA,37.24
NA,37.08
NA,36.809999999999995
NA,36.44
NA,36.78
NA,36.86
NA,36.59
NA,36.730000000000004
NA,36.64
NA,36.78
NA,36.91
NA,36.75
NA,36.75
NA,36.790000000000006
NA,36.36
NA,36.620000000000005
NA,36.51
NA,36.220000000000006
NA,36.52
NA,36.54
NA,36.65
NA,36.55
NA,36.8
NA,36.309999999999995
NA,36.07
NA,36.06
NA,36.07
NA,33.98
NA,34
NA,33.8
NA,33.58
NA,33.28
NA,32.87
NA,33.14
NA,32.94
NA,33.03
NA,33.06
NA,32.879999999999995
NA,32.660000000000004
NA,32.78
NA,33.04
NA,33.349999999999994
NA,33.349999999999994
NA,33.36
NA,33.67
NA,33.760000000000005
NA,33.89
NA,33.5
NA,33.790000000000006
NA,33.849999999999994
NA,33.4
NA,33.06
NA,32.83
NA,32.27
NA,32.08
NA,32.43
NA,31.979999999999997
NA,32.15
NA,32.55
NA,32.74
NA,32.93
NA,32.89
NA,32.55
NA,32.97
NA,33.09
NA,33.44
NA,33.93
NA,33.86
NA,33.71
NA,33.1
NA,33.220000000000006
NA,32.97
NA,32.83
NA,33.1
NA,33.15
NA,33.03
NA,32.74
NA,32.87
NA,32.75
NA,32.730000000000004
NA,32.56
NA,32.5
NA,32.13
NA,32.25
NA,32.54
NA,32.6
NA,32.57
NA,32.65
NA,32.8
NA,31.82
NA,31.82
NA,32.09
NA,32.28
NA,32.379999999999995
NA,32.5
NA,32.44
NA,32.58
NA,32.379999999999995
NA,32.37
NA,32
NA,31.79
NA,31.91
NA,32.1
NA,32.11
NA,31.939999999999998
NA,31.72
NA,31.53
NA,31.14
NA,31.459999999999997
NA,30.99
NA,31.14
NA,31.310000000000002
NA,31.01
NA,31.14
NA,31.04
NA,30.71
NA,30.479999999999997
NA,30.830000000000002
NA,31.150000000000002
NA,31.759999999999998
NA,31.9
NA,32
NA,31.959999999999997
NA,31.87
NA,31.79
NA,32.01
NA,32.230000000000004
NA,32.190000000000005
NA,31.99
NA,32.449999999999996
NA,32.879999999999995
NA,32.93
NA,32.99
NA,33.32
NA,33.339999999999996
NA,33.809999999999995
NA,33.32
NA,33.190000000000005
NA,33.349999999999994
NA,33.849999999999994
NA,33.849999999999994
NA,33.64
NA,33.56
NA,33.32
NA,33.47
NA,33.449999999999996
NA,33.18
NA,33.21
NA,33.27
NA,33.15
NA,32.94
NA,32.93
NA,32.92
NA,32.44
NA,32.7
NA,32.86
NA,32.94
NA,32.839999999999996
NA,32.96
NA,32.91
NA,32.92
NA,32.949999999999996
NA,33.01
NA,32.94
NA,33.2
NA,32.849999999999994
NA,32.83
NA,32.77
NA,32.790000000000006
NA,32.68
NA,32.74
NA,32.730000000000004
NA,32.13
NA,32.15
NA,32.82
NA,33.07
NA,33.15
NA,33.14
NA,33.21
NA,33.06
NA,33.01
NA,32.98
NA,33.15
NA,33.309999999999995
NA,33.15
NA,33.13
NA,32.99
NA,33.09
NA,32.97
NA,33.08
NA,33.220000000000006
NA,33.92
NA,34.41
NA,33.8
NA,34.05
NA,33.949999999999996
NA,34.05
NA,33.82
NA,34.56
NA,34.879999999999995
NA,35.06
NA,35.05
NA,34.64
NA,34.25
NA,34.58
NA,34.98
NA,34.71
NA,34.730000000000004
NA,34.660000000000004
NA,34.879999999999995
NA,34.620000000000005
NA,34.87
NA,35.02
NA,35.07
NA,33.93
NA,34.53
NA,33.94
NA,33.52
NA,32.9
NA,33.06
NA,33.33
NA,34.24
NA,34.46
NA,34.309999999999995
NA,33.949999999999996
NA,33.91
NA,33.86
NA,33.44
NA,33.74
NA,33.54
NA,33.2
NA,33.39
NA,33.8
NA,33.78
NA,33.92
NA,33.32
NA,32.65
NA,31.74
NA,31.650000000000002
NA,30.979999999999997
NA,31.04
NA,31.479999999999997
NA,32.06
NA,32.620000000000005
NA,32.56
NA,31.99
NA,32.120000000000005
NA,31.45
NA,31.650000000000002
NA,31.830000000000002
NA,31.55
NA,31.45
NA,31.77
NA,31.330000000000002
NA,30.58
NA,30.37
NA,30.55
NA,31.12
NA,31.24
NA,31.939999999999998
NA,31.66
NA,31.74
NA,31.610000000000003
NA,30.919999999999998
NA,31.650000000000002
NA,31.04
NA,30.86
NA,31.12
NA,31.57
NA,31.66
NA,31.89
NA,32.6
NA,32.49
NA,31.99
NA,32.260000000000005
NA,33.05
NA,32.760000000000005
NA,33.77
NA,33.720000000000006
NA,34.92
NA,34.54
NA,34.879999999999995
NA,35.339999999999996
NA,36.190000000000005
NA,35.61
NA,35.64
NA,36.17
NA,36.220000000000006
NA,36.77
NA,36.730000000000004
NA,36.53
NA,36.78
NA,36.7
NA,36.160000000000004
NA,36.32
NA,36.24
NA,35.7
NA,35.6
NA,36.53
NA,36.64
NA,36.57
NA,34.4
NA,34.220000000000006
NA,33.82
NA,34.120000000000005
NA,34.06
NA,33.63
NA,33.08
NA,33.15
NA,32.54
NA,32.75
NA,32.879999999999995
NA,32.75
NA,33.6
NA,32.949999999999996
NA,33.449999999999996
NA,32.98
NA,33.63
NA,33.68
NA,33.61
NA,33.33
NA,32.89
NA,32.809999999999995
NA,33.290000000000006
NA,33.58
NA,32.99
NA,32.8
NA,32.51
NA,32.52
NA,31.75
NA,32.06
NA,31.68
NA,31.59
NA,31.53
NA,30.79
NA,30.979999999999997
NA,30.51
NA,30.71
NA,30.130000000000003
NA,29.52
NA,28.82
NA,27.650000000000002
NA,28.49
NA,32.94
NA,33.25
NA,33.220000000000006
NA,33.58
NA,33.74
NA,33.660000000000004
NA,33.44
NA,33.230000000000004
NA,32.879999999999995
NA,32.6
NA,32.94
NA,33.08
NA,33.39
NA,33.1
NA,33.36
NA,33.54
NA,33.89
NA,33.55
NA,33.59
NA,33.5
NA,33.379999999999995
NA,33.17
NA,32.6
NA,31.87
NA,31.74
NA,31.66
NA,31.77
NA,32.36
NA,32.690000000000005
NA,31.9
NA,32.160000000000004
NA,32.25
NA,32.41
NA,32.8
NA,32.47
NA,32.39
NA,32.86
NA,32.33
NA,32.58
NA,32.63
NA,32.77
NA,32.97
NA,33.65
NA,34.32
NA,34.01
NA,34.01
NA,33.879999999999995
NA,33.71
NA,33.51
NA,33.2
NA,33.839999999999996
NA,33.63
NA,33.28
NA,32.98
NA,33.21
NA,33.309999999999995
NA,33.52
NA,34.1
NA,34.190000000000005
NA,33.97
NA,33.94
NA,33.33
NA,33.720000000000006
NA,34.6
NA,35.160000000000004
NA,35.120000000000005
NA,35.32
NA,35.2
NA,35.28
NA,35.42
NA,35.290000000000006
NA,34.98
NA,34.849999999999994
NA,34.620000000000005
NA,34.290000000000006
NA,34.27
NA,33.55
NA,33.89
NA,34.52
NA,34.74
NA,34.98
NA,35.64
NA,36.05
NA,36.11
NA,36.14
NA,36.05
NA,35.77
NA,36.03
NA,33.58
NA,34.03
NA,33.879999999999995
NA,33.790000000000006
NA,34
NA,33.87
NA,33.839999999999996
NA,33.58
NA,33.309999999999995
NA,33.309999999999995
NA,33.27
NA,33.47
NA,33.160000000000004
NA,33
NA,33.01
NA,32.86
NA,32.660000000000004
NA,32.220000000000006
NA,31.650000000000002
NA,31.779999999999998
NA,31.27
NA,30.759999999999998
NA,30.47
NA,30.17
NA,30.52
NA,30.47
NA,30.479999999999997
NA,30.53
NA,30.62
NA,30.650000000000002
NA,30.86
NA,30.610000000000003
NA,30.64
NA,30.75
NA,30.21
NA,30.58
NA,30.55
NA,30.610000000000003
NA,30.779999999999998
NA,30.53
NA,30.29
NA,30.610000000000003
NA,29.37
NA,29.49
NA,29.59
NA,29.8
NA,29.88
NA,29.630000000000003
NA,29.310000000000002
NA,28.84
NA,28.52
NA,28.49
NA,29.01
NA,29.34
NA,30.47
NA,30.66
NA,30.1
NA,29.459999999999997
NA,29.36
NA,28.979999999999997
NA,28.43
NA,27.75
NA,27.69
NA,27.43
NA,28.05
NA,28.01
NA,28.85
NA,28.53
NA,29.110000000000003
NA,29.810000000000002
NA,30.02
NA,30.51
NA,30.23
NA,30.310000000000002
NA,30.310000000000002
NA,30.130000000000003
NA,30.2
NA,30.34
NA,29.68
NA,29.91
NA,29.79
NA,30.419999999999998
NA,30.66
NA,30.959999999999997
NA,30.330000000000002
NA,30.49
NA,31.110000000000003
NA,31.19
NA,31.74
NA,30.54
NA,29.779999999999998
NA,30.34
NA,30.47
NA,30.91
NA,31.279999999999998
NA,32.24
NA,31.830000000000002
NA,31.84
NA,32.9
NA,32.790000000000006
NA,32.620000000000005
NA,32.77
NA,31.29
NA,32.53
NA,32.94
NA,32.720000000000006
NA,33.790000000000006
NA,33.809999999999995
NA,33.809999999999995
NA,33.75
NA,33.839999999999996
NA,34.02
NA,33.93
NA,33.91
NA,33.61
NA,33.77
NA,33.96
NA,33.86
NA,33.43
NA,33.09
NA,33.4
NA,33.47
NA,33.5
NA,33.260000000000005
NA,33.15
NA,33.14
NA,32.620000000000005
NA,32.63
NA,32.37
NA,32.190000000000005
NA,33.58
NA,33.61
NA,33.65
NA,33.42
NA,33.25
NA,32.93
NA,32.25
NA,32.36
NA,32.760000000000005
NA,32.44
NA,32.33
NA,32
NA,31.84
NA,31.77
NA,32.09
NA,32.53
NA,32.55
NA,32.160000000000004
NA,32.349999999999994
NA,32.260000000000005
NA,31.23
NA,32.160000000000004
NA,31.939999999999998
NA,32.56
NA,31.8
NA,31.95
NA,32.21
NA,32.620000000000005
NA,32.36
NA,32.47
NA,31.9
NA,31.57
NA,31.479999999999997
NA,30.67
NA,30.830000000000002
NA,30.58
NA,30.7
NA,30.39
NA,30.69
NA,29.84
NA,29.79
NA,30.34
NA,29.07
NA,29.810000000000002
NA,29.4
NA,29.439999999999998
NA,30.14
NA,29.71
NA,29.73
NA,29.259999999999998
NA,29.3
NA,29.07
NA,28.6
NA,28.43
NA,28.36
NA,28.43
NA,28.09
NA,27.66
NA,28
NA,27.8
NA,28.06
NA,28.330000000000002
NA,29.12
NA,29.24
NA,29.95
NA,29.34
NA,29.64
NA,28.99
NA,29.02
NA,29.259999999999998
NA,28.66
NA,29
NA,30.330000000000002
NA,29.71
NA,29.810000000000002
NA,30.67
NA,30.74
NA,31.53
NA,31.979999999999997
NA,31.89
NA,31.54
NA,31.3
NA,31.45
NA,31.130000000000003
NA,31.05
NA,31.89
NA,31.759999999999998
NA,30.67
NA,30.37
NA,30.41
NA,30.279999999999998
NA,29.939999999999998
NA,29.99
NA,30.01
NA,30.64
NA,30.279999999999998
NA,30.279999999999998
NA,29.41
NA,29.259999999999998
NA,29.57
NA,29.74
NA,29.459999999999997
NA,30.08
NA,29.459999999999997
NA,29.35
NA,28.959999999999997
NA,28.85
NA,26.16
NA,25.479999999999997
NA,26.58
NA,26.77
NA,26.82
NA,26.630000000000003
NA,26.64
NA,25.97
NA,25.74
NA,25.32
NA,25.82
NA,25.979999999999997
NA,25.64
NA,25.25
NA,25.24
NA,25.47
NA,24.55
NA,24.21
NA,24.19
NA,25.12
NA,23.650000000000002
NA,24.57
NA,26.99
NA,26.99
NA,26.419999999999998
NA,26.49
NA,26.71
NA,27.14
NA,27.830000000000002
NA,28.55
NA,28.62
NA,28.57
NA,28.12
NA,29.35
NA,28.58
NA,28.630000000000003
NA,27.95
NA,25.67
NA,27.74
NA,27.72
NA,28.12
NA,27.54
NA,30.71
NA,29.45
NA,29.72
NA,26.419999999999998
NA,25.3
NA,25.87
NA,27.53
NA,26.959999999999997
NA,28.97
NA,28.93
NA,26.8
NA,24.95
NA,26.810000000000002
NA,29.09
NA,27.58
NA,24.85
NA,26.99
NA,27.45
NA,29.72
NA,29.01
NA,32.05
NA,31.03
NA,32.230000000000004
NA,37.39
NA,37.06
NA,36.65
NA,37.04
NA,36.74
NA,36.290000000000006
NA,37.41
NA,37.33
NA,36.790000000000006
NA,36.67
NA,36.64
NA,36.06
NA,36.99
NA,38.760000000000005
NA,39.06
NA,39.02
NA,40.21
NA,40.260000000000005
NA,41.5
NA,40.46
NA,40.790000000000006
NA,41.17
NA,41.730000000000004
NA,42.71
NA,41.730000000000004
NA,41.260000000000005
NA,41.690000000000005
NA,41.78
NA,42.02
NA,41.43
NA,42.03
NA,42.1
NA,42.93
NA,42.94
NA,42.65
NA,42.839999999999996
NA,43.02
NA,43.11
NA,43.790000000000006
NA,42.99
NA,43
NA,42.98
NA,44.449999999999996
NA,44.14
NA,44.65
NA,44.98
NA,44.4
NA,44.33
NA,45.08
NA,45.260000000000005
NA,46.290000000000006
NA,46.33
NA,45.18
NA,45.94
NA,44.93
NA,44.08
NA,43.83
NA,43.260000000000005
NA,43.660000000000004
NA,43.220000000000006
NA,43.8
NA,43.87
NA,43.47
NA,43.01
NA,43.07
NA,37.230000000000004
NA,37
NA,37.309999999999995
NA,37.15
NA,37.07
NA,36.07
NA,36.809999999999995
NA,37.37
NA,36.49
NA,38.37
NA,38.71
NA,39.3
NA,39.1
NA,38.7
NA,38.790000000000006
NA,39.290000000000006
NA,39.86
NA,39
NA,39.44
NA,44.8
NA,44.82
NA,44.46
NA,44.08
NA,43.760000000000005
NA,43.760000000000005
NA,43.91
NA,44.53
NA,44.07
NA,44.78
NA,44.27
NA,44.17
NA,44.33
NA,44.44
NA,44.3
NA,43.17
NA,43.48
NA,45.54
NA,45.349999999999994
NA,45.97
NA,45.53
NA,44.65
NA,44.59
NA,44.55
NA,44.230000000000004
NA,45
NA,45.3
NA,45.75
NA,45.98
NA,45.61
NA,45.28
NA,44.51
NA,43.790000000000006
NA,43.86
NA,43.39
NA,43.48
NA,43.07
NA,43.01
NA,43.43
NA,43.98
NA,44.07
NA,43.230000000000004
NA,43.190000000000005
NA,43.82
NA,44.660000000000004
NA,45.120000000000005
NA,46.13
NA,45.65
NA,46.37
NA,45.949999999999996
NA,46.57
NA,46.790000000000006
NA,48.309999999999995
NA,48.120000000000005
NA,47.36
NA,47.63
NA,48.120000000000005
NA,47.89
NA,47.120000000000005
NA,47.36
NA,47.2
NA,47.09
NA,46.790000000000006
NA,46.3
NA,45.160000000000004
NA,45.46
NA,45.760000000000005
NA,45.720000000000006
NA,45.86
NA,45.849999999999994
NA,45.760000000000005
NA,45.71
NA,45.74
NA,45.06
NA,44.01
NA,43.64
NA,43.75
NA,43.5
NA,43.51
NA,43.49
NA,43.96
NA,44.02
NA,44.02
NA,43.57
NA,43.24
NA,43.49
NA,43.71
NA,43.86
NA,44.190000000000005
NA,44.120000000000005
NA,44.220000000000006
NA,43.690000000000005
NA,42.849999999999994
NA,42.02
NA,42.13
NA,42.13
NA,42.01
NA,41.87
NA,42.14
NA,42.190000000000005
NA,42.6
NA,42.71
NA,42.49
NA,41.89
NA,40.77
NA,41.02
NA,40.61
NA,40.17
NA,40.230000000000004
NA,40.3
NA,39.56
NA,38.8
NA,38.58
NA,38.59
NA,38.15
NA,38.36
NA,37.8
NA,38.690000000000005
NA,38.949999999999996
NA,39.260000000000005
NA,39.21
NA,38.720000000000006
NA,38.43
NA,38.24
NA,38.720000000000006
NA,39.06
NA,41.730000000000004
NA,41.92
NA,42
NA,41.52
NA,41.730000000000004
NA,41.9
NA,41.98
NA,42.24
NA,42.42
NA,42.09
NA,41.82
NA,41.6
NA,41.690000000000005
NA,41.59
NA,41.449999999999996
NA,41.47
NA,41.51
NA,40.92
NA,40.94
NA,40.9
NA,41.17
NA,41.47
NA,41.74
NA,41.63
NA,41.349999999999994
NA,41.120000000000005
NA,41.290000000000006
NA,41.04
NA,40.99
NA,40.94
NA,40.89
NA,40.379999999999995
NA,39.849999999999994
NA,39.58
NA,39.54
NA,39.379999999999995
NA,39.07
NA,39.06
NA,38.61
NA,38.730000000000004
NA,39.47
NA,41.849999999999994
NA,42.160000000000004
NA,42.07
NA,41.33
NA,40.92
NA,40.730000000000004
NA,40.18
NA,40.46
NA,40.620000000000005
NA,40.43
NA,40.63
NA,41.92
NA,42.03
NA,42.190000000000005
NA,42.05
NA,42.32
NA,42.260000000000005
NA,41.849999999999994
NA,41.449999999999996
NA,41.839999999999996
NA,41.92
NA,41.54
NA,41.04
NA,40.49
NA,40.190000000000005
NA,39.98
NA,40.349999999999994
NA,39.57
NA,39.339999999999996
NA,39.41
NA,39.08
NA,39.230000000000004
NA,39.379999999999995
NA,38.33
NA,38.760000000000005
NA,39.64
NA,39.75
NA,39.120000000000005
NA,40.49
NA,40.63
NA,41.41
NA,41.349999999999994
NA,41.43
NA,41.120000000000005
NA,40.99
NA,41.879999999999995
NA,41.89
NA,41.24
NA,40.379999999999995
NA,41.120000000000005
NA,39.7
NA,40.730000000000004
NA,40.7
NA,40.849999999999994
NA,42.03
NA,42.06
NA,42.91
NA,43.849999999999994
NA,43.64
NA,44.07
NA,43.77
NA,44.349999999999994
NA,43.97
NA,43.68
NA,44.24
NA,42.14
NA,42.65
NA,42.47
NA,42.06
NA,41.97
NA,42.290000000000006
NA,41.55
NA,41.620000000000005
NA,41.48
NA,41.690000000000005
NA,41.849999999999994
NA,41.82
NA,42.120000000000005
NA,41.7
NA,41.56
NA,41.17
NA,41.03
NA,40.96
NA,41.04
NA,41.230000000000004
NA,41.33
NA,41.2
NA,41.53
NA,40.120000000000005
NA,40.36
NA,40.14
NA,40.32
NA,40.39
NA,40.46
NA,40.65
NA,40.42
NA,40.260000000000005
NA,40.67
NA,40.720000000000006
NA,41.09
NA,41.36
NA,40.91
NA,41.4
NA,41.82
NA,41.5
NA,41.97
NA,41.93
NA,41.82
NA,41.4
NA,39.83
NA,38.690000000000005
NA,38.7
NA,39.04
NA,38.59
NA,38.58
NA,37.77
NA,38.7
NA,38.21
NA,38.949999999999996
NA,39.55
NA,39
NA,39.220000000000006
NA,40.220000000000006
NA,40.14
NA,39.949999999999996
NA,39.9
NA,39.690000000000005
NA,41.08
NA,42.04
NA,42.720000000000006
NA,38.92
NA,38.6
NA,38.59
NA,38.67
NA,38.74
NA,37.96
NA,37.83
NA,38.309999999999995
NA,38.99
NA,38.720000000000006
NA,38.74
NA,40.220000000000006
NA,39.949999999999996
NA,39.720000000000006
NA,40.11
NA,40.449999999999996
NA,39.64
NA,40.61
NA,39.89
NA,40.02
NA,38.839999999999996
NA,38.730000000000004
NA,38.92
NA,39.08
NA,38.379999999999995
NA,38.57
NA,38.33
NA,38.14
NA,38.290000000000006
NA,38.54
NA,38.3
NA,37.61
NA,37.37
NA,37.46
NA,36.94
NA,36.83
NA,36.18
NA,36.2
NA,36.27
NA,36.13
NA,35.99
NA,36.08
NA,35.720000000000006
NA,35.39
NA,35.47
NA,35.21
NA,35.33
NA,34.839999999999996
NA,34.690000000000005
NA,34.49
NA,34.49
NA,34.25
NA,34.17
NA,33.620000000000005
NA,33.449999999999996
NA,33.56
NA,34.18
NA,34.220000000000006
NA,34.33
NA,34.33
NA,34.54
NA,34.260000000000005
NA,33.849999999999994
NA,33.97
NA,33.86
NA,34.37
NA,34.290000000000006
NA,34.32
NA,34.21
NA,34.25
NA,34.690000000000005
NA,35
NA,34.87
NA,34.6
NA,34.44
NA,34.949999999999996
NA,34.51
NA,34.63
NA,34.55
NA,35.3
NA,35.260000000000005
NA,35.58
NA,35.57
NA,35.48
NA,34.849999999999994
NA,34.91
NA,30.91
NA,30.85
NA,30.959999999999997
NA,31.09
NA,30.99
NA,31.09
NA,30.919999999999998
NA,30.979999999999997
NA,30.74
NA,31.06
NA,30.97
NA,31.17
NA,30.979999999999997
NA,31.14
NA,30.99
NA,30.759999999999998
NA,31.32
NA,31.150000000000002
NA,31.150000000000002
NA,31.39
NA,32.01
NA,31.14
NA,31.1
NA,31.279999999999998
NA,30.759999999999998
NA,31.16
NA,31.66
NA,31.58
NA,31.2
NA,31.419999999999998
NA,31.66
NA,31.56
NA,31.67
NA,31.7
NA,31.959999999999997
NA,32.190000000000005
NA,32.27
NA,32.32
NA,32.190000000000005
NA,31.8
NA,31.6
NA,31.5
NA,30.830000000000002
NA,30.74
NA,30.05
NA,29.51
NA,29.830000000000002
NA,29.85
NA,29.82
NA,30.08
NA,30.14
NA,30.310000000000002
NA,30.36
NA,30.310000000000002
NA,30.7
NA,30.89
NA,30.979999999999997
NA,31.06
NA,30.59
NA,30.55
NA,30.71
NA,30.54
NA,30.419999999999998
NA,30.74
NA,30.67
NA,30.979999999999997
NA,31.21
NA,31.3
NA,31.39
NA,31.21
NA,31.17
NA,31.47
NA,31.77
NA,31.43
NA,31.2
NA,30.650000000000002
NA,30.34
NA,30.830000000000002
NA,30.6
NA,30.45
NA,30.67
NA,30.36
NA,30.3
NA,30.41
NA,30.54
NA,30.25
NA,30.150000000000002
NA,30.08
NA,30.38
NA,30.610000000000003
NA,30.4
NA,29.91
NA,29.66
NA,29.79
NA,29.5
NA,29.51
NA,29.779999999999998
NA,30.23
NA,30.130000000000003
NA,30.03
NA,29.84
NA,29.95
NA,30.53
NA,30.72
NA,30.37
NA,30.17
NA,29.9
NA,28.66
NA,28.25
NA,27.979999999999997
NA,27.57
NA,27.330000000000002
NA,27.64
NA,27.64
NA,27.56
NA,28.04
NA,28.06
NA,27.91
NA,27.779999999999998
NA,28.05
NA,27.87
NA,28.21
NA,28.67
NA,28.41
NA,28.59
NA,28.259999999999998
NA,28.57
NA,28.810000000000002
NA,28.419999999999998
NA,28.17
NA,27.71
NA,27.6
NA,27.310000000000002
NA,27.59
NA,27.51
NA,27.37
NA,26.779999999999998
NA,26.6
NA,26.58
NA,26.56
NA,26.459999999999997
NA,26.18
NA,26.37
NA,25.72
NA,25.79
NA,25.610000000000003
NA,25.919999999999998
NA,25.830000000000002
NA,25.72
NA,25.49
NA,25.52
NA,25.32
NA,25.53
NA,25.419999999999998
NA,25.24
NA,25.35
NA,25.810000000000002
NA,26.05
NA,26.279999999999998
NA,26.35
NA,26.38
NA,26.62
NA,26.45
NA,26.34
NA,25.919999999999998
NA,25.830000000000002
NA,25.71
NA,25.610000000000003
NA,26.06
NA,25.830000000000002
NA,25.35
NA,25.25
NA,25.51
NA,25.21
NA,25.310000000000002
NA,25.310000000000002
NA,25.21
NA,25.419999999999998
NA,25.41
NA,25.38
NA,25.4
NA,25.47
NA,25.4
NA,25.16
NA,25.19
NA,26.07
NA,25.919999999999998
NA,25.68
NA,26.1
NA,26.23
NA,26.54
NA,26.07
NA,25.77
NA,26.09
NA,25.97
NA,26.759999999999998
NA,26.49
NA,26.9
NA,26.85
NA,26.919999999999998
NA,27.09
NA,27.14
NA,26.97
NA,27.23
NA,26.99
NA,27.24
NA,27.130000000000003
NA,27.4
NA,26.810000000000002
NA,26.459999999999997
NA,26.05
NA,26.56
NA,26.01
NA,26.16
NA,25.779999999999998
NA,25.610000000000003
NA,25.35
NA,25.55
NA,25.54
NA,24.77
NA,25.05
NA,24.89
NA,25.16
NA,24.71
NA,24.959999999999997
NA,25.01
NA,25.47
NA,25.32
NA,25.21
NA,24.939999999999998
NA,24.84
NA,24.9
NA,24.67
NA,25.09
NA,25.12
NA,24.79
NA,24.36
NA,24.130000000000003
NA,24.830000000000002
NA,24.67
NA,25.59
NA,25.110000000000003
NA,25.07
NA,25.39
NA,24.71
NA,25.130000000000003
NA,24.51
NA,24.19
NA,23.630000000000003
NA,23.22
NA,22.73
NA,23.52
NA,23.7
NA,23.87
NA,24.310000000000002
NA,24.39
NA,24.47
NA,24.810000000000002
NA,27.27
NA,27.22
NA,27.5
NA,27.02
NA,26.779999999999998
NA,26.82
NA,27.45
NA,26.959999999999997
NA,26.49
NA,26.62
NA,26.82
NA,26.610000000000003
NA,27.05
NA,26.74
NA,27.07
NA,26.97
NA,27.330000000000002
NA,27.57
NA,27.04
NA,26.22
NA,26.2
NA,27.4
NA,27.49
NA,27.82
NA,27.259999999999998
NA,27.73
NA,28.7
NA,28.71
NA,29.05
NA,28.7
NA,28.62
NA,27.86
NA,27.830000000000002
NA,26.07
NA,26.23
NA,27.330000000000002
NA,27.41
NA,27.759999999999998
NA,28.3
NA,27.88
NA,27.47
NA,29.919999999999998
NA,29.55
NA,28.630000000000003
NA,27.58
NA,27.1
NA,25.53
NA,26.59
NA,27.34
NA,28.87
NA,29.37
NA,29.610000000000003
NA,28.35
NA,29.62
NA,31.06
NA,32.09
NA,33.1
NA,33.86
NA,34.1
