Date,EUA_Price,PA_NAV,OIL_NAV,EUA_ret,PA_ret,OIL_ret
2021-08-03,54.17,5.05,25.79,-0.007906633081051828,0.0019821612039912025,0.02195305724028705
2021-08-04,55,5.09,25.69,0.01520593556266331,0.007889587275162924,-0.0038850087714611564
2021-08-05,54.839999999999996,5.119999999999999,25.85,-0.00291333053835734,0.005876608488984971,0.00620878983264583
2021-08-06,56.720000000000006,5.119999999999999,26.04,0.03370702752975849,0,0.007323216385930275
2021-08-09,56,5.13,25.93,-0.012775191488722916,0.001951220131261971,-0.004233217789795504
2021-08-10,57.1,5.14,26.05,0.01945242592681523,0.0019474202843956288,0.004617168648802838
2021-08-11,56.690000000000005,5.159999999999999,26.19,-0.007206288325752173,0.003883500026397612,0.005359890320244576
2021-08-12,57.36,5.17,26.130000000000003,0.011749367955152462,0.0019361090268666223,-0.0022935789870994006
2021-08-13,55.6,5.1899999999999995,26.110000000000003,-0.031163995034828196,0.0038610086574593716,-7.656968214836628e-4
2021-08-16,57.18,5.17,25.7,0.028020985637629007,-0.0038610086574594306,-0.01582739080986345
2021-08-17,57.4,5.17,25.82,0.0038401164313549745,0,0.004658393517322309
2021-08-18,57.7,5.1899999999999995,25.89,0.00521287018853321,0.0038610086574593716,0.002707408344949782
2021-08-19,55.809999999999995,5.13,25.05,-0.033304108713711825,-0.011628037995118986,-0.03298296623257242
2021-08-20,54.4,5.1499999999999995,25.07,-0.02558891093844516,0.0038910554929665,7.980846393282389e-4
2021-08-23,55.949999999999996,5.18,25.6,0.028094280896037143,0.005808341595746955,0.020920439315314815
2021-08-24,55.720000000000006,5.17,25.82,-0.004119285846329083,-0.0019323677510539239,0.008557033932979605
2021-08-25,56.63,5.159999999999999,25.8,0.016199731214108608,-0.0019361090268665514,-7.748934909246878e-4
2021-08-26,55.61,5.1499999999999995,25.759999999999998,-0.018175838926241094,-0.0019398648178265915,-0.0015515906914189443
2021-08-27,57.51,5.159999999999999,26.03,0.03359580452619024,0.0019398648178264545,0.010426817770321303
2021-08-31,60.11,5.1499999999999995,25.8,0.04421737132540794,-0.0019398648178265915,-0.008875227078902263
2021-09-01,61.290000000000006,5.18,25.75,0.01944048044656976,0.005808341595746955,-0.0019398648178265915
2021-09-03,61.25,5.159999999999999,26.02,-6.528480728041066e-4,-0.003868476777920429,0.010430845974614095
2021-09-06,62.87,5.2,26.17,0.026105252970133403,0.007722046093910539,0.005748243457695418
2021-09-07,61.71,5.17,26.18,-0.018623110061994182,-0.0057859370670439985,3.820439396992662e-4
2021-09-08,61.93,5.119999999999999,25.87,0.003558722616994154,-0.009718249468921452,-0.011911764283816075
2021-09-09,61.98,5.119999999999999,25.68,8.070374096325044e-4,0,-0.007371517376177405
2021-09-10,61.849999999999994,5.1,25.6,-0.0020996535211053272,-0.003913899321136218,-0.003120127336243522
2021-09-13,61.91,5.109999999999999,26.3,9.696186926438414e-4,0.0019588644853329716,0.026976587698202076
2021-09-14,61.51,5.119999999999999,26.3,-0.006481954310863826,0.001955034835803295,0
2021-09-15,60,5.07,26.650000000000002,-0.024855200998176192,-0.009813621448324395,0.013220211428134737
2021-09-16,59.89,5.1,26.55,-0.0018350159457296703,0.005899722127188102,-0.0037594029239058123
2021-09-17,59.6,5.05,26.259999999999998,-0.00485397220506689,-0.009852296443011594,-0.010982878813297849
2021-09-20,58.56,4.98,25.959999999999997,-0.017603704418247972,-0.0139583522507068,-0.011489977038760936
2021-09-21,60.309999999999995,5.03,26.5,0.029446057809839235,0.009990093075086186,0.020587841156287322
2021-09-22,60.02,5.07,27.16,-0.004820087450674242,0.007920833491444056,0.024600569698318888
2021-09-23,59.449999999999996,5.119999999999999,27.52,-0.009542216875430389,0.009813621448324452,0.013167710374647488
2021-09-24,61.24,5.06,27.43,0.02966494765269218,-0.011787955752042127,-0.003275708115631082
2021-09-27,64,5.04,28.2,0.044082512570188914,-0.003960401216096794,0.027684672994555945
2021-09-28,65,4.930000000000001,28.29,0.015504186535965254,-0.02206709402867843,0.0031864073694080016
2021-09-29,61.83,4.96,28.34,-0.049998586325159765,0.006066752682237142,0.0017658489490585837
2021-09-30,61.37,4.95,28.54,-0.007467567169471768,-0.002018164156237124,0.00703237778615587
2021-11-01,59.98,5.25,29.630000000000003,-0.022909943080142596,0.05884050002293339,0.037480749536783674
2021-11-02,57.8,5.2700000000000005,29.18,-0.03702239764253125,0.0038022859497387,-0.015303818490834339
2021-11-03,59.78,5.29,28.310000000000002,0.03368238117745999,0.003787883316936935,-0.030268443970831282
2021-11-04,59.809999999999995,5.31,28.59,5.017142006737393e-4,0.0037735893836392666,0.009841907210412027
2021-11-05,61.05,5.29,28.73,0.020520329500247972,-0.0037735893836393793,0.00488486665697775
2021-11-08,60.06,5.3,29,-0.01634913800152941,0.0018885746878681544,0.009353956995275877
2021-11-09,60.11,5.29,28.86,8.321544958863756e-4,-0.0018885746878681362,-0.004839276640749268
2021-11-10,61.53,5.3,29.1,0.02334864370132824,0.0018885746878681544,0.008281620831722018
2021-11-11,62.309999999999995,5.319999999999999,28.979999999999997,0.012597065803731503,0.0037664827954768648,-0.004132237284910718
2021-11-12,63.53,5.34,28.7,0.01939030872231141,0.003752349618550593,-0.009708814126960827
2021-11-15,64.4,5.35,28.87,0.013601397831866181,0.0018709079358116023,0.005905870909268275
2021-11-16,67.5,5.359999999999999,29.17,0.04701396476817611,0.0018674141747954624,0.010337790204786328
2021-11-17,67.14,5.37,29.09,-0.005347606326595241,0.0018639334380627327,-0.00274631137251981
2021-11-18,66.51,5.35,28.59,-0.009427679255558971,-0.0037313476128582467,-0.017337466172889875
2021-11-19,69.21000000000001,5.35,27.87,0.03979304855744226,0,-0.025506164840363534
2021-11-22,69.7,5.33,28.14,0.007054956912706029,-0.003745322730161941,0.00964121019238621
2021-11-23,69.88,5.25,28.29,0.002579167499377487,-0.015123161574220771,0.005316333627232789
2021-11-24,69.51,5.26,28.49,-0.005308858153461188,0.0019029501460860634,0.0070447631963409816
2021-11-25,72.14999999999999,5.3,28.57,0.037276658107485074,0.007575793808457723,0.0028040677328648334
2021-11-26,71.95,5.119999999999999,26.91,-0.002775851886502906,-0.03455238150665984,-0.05985925150386729
2021-11-29,74.48,5.1499999999999995,27.45,0.034559199635434745,0.00584227562422836,0.019868203216725184
2021-11-30,74.82,5.119999999999999,27.09,0.004554595951188257,-0.0058422756242284025,-0.013201511858535842
2022-01-10,82.71000000000001,5.1899999999999995,29.6,0.10025528478381514,0.013579258126380852,0.08860970523301097
2022-01-11,81.9,5.23,30.03,-0.00984152284479132,0.007677580899034332,0.014422520665224208
2022-01-13,79.05,5.24,30.72,-0.03541842720354282,0.0019102202561192452,0.022717026284232503
2022-01-14,81.52,5.18,31,0.030767825258988354,-0.01151644206155918,0.009073296205674975
2022-01-17,80.21000000000001,5.22,30.82,-0.016200193535635992,0.007692345623155644,-0.005823374593176491
2022-01-18,79.22,5.159999999999999,31.14,-0.012419403185062728,-0.011560822401076082,0.010329336513882513
2022-01-19,80.7,5.17,31.21,0.01850978308213254,0.0019361090268666223,0.002245389876835848
2022-01-20,80.8,5.21,31.07,0.0012383902511464008,0.007707167244937738,-0.004495832877732021
2022-01-21,84.03,5.109999999999999,30.09,0.03919691241307724,-0.019380451549662576,-0.03204983276300214
2022-01-24,85.75,4.92,29.01,0.020262208105922382,-0.03789087371139626,-0.036552292508641095
2022-01-25,84.48,4.95,29.73,-0.014921266088097926,0.0060790460763821925,0.024516038876693694
2022-01-27,88.51,5.06,31.14,0.04660072002283415,0.021978906718775164,0.04633652939584588
2022-01-28,89.25,5,30.73,0.008325880678962895,-0.01192857086527373,-0.013253790263458956
2022-01-31,88.03,5.05,30.53,-0.013763755186933716,0.00995033085316809,-0.006529569395606787
2022-02-02,91.61,5.13,30.82,0.039862770554302596,0.015717415895409724,0.009454023145183166
2022-02-03,92.64999999999999,5.03,30.67,0.011288516704251378,-0.019685675071030213,-0.004878851765809452
2022-02-04,94.64999999999999,4.94,31.3,0.02135692492396303,-0.018054652911816706,0.020333119419947417
2022-02-07,93.5,4.970000000000001,31.43,-0.012224441360690452,0.0060545089087062215,0.004144753263368652
2022-02-08,97.51,4.96,30.85,0.0419935005523864,-0.0020140993717013673,-0.018626100458079366
2022-02-09,96.53,5.05,31.47,-0.010101095986503932,0.017982502550432267,0.019897960724918597
2022-02-10,90.6,5.03,31.4,-0.06339962781159021,-0.003968259175620511,-0.002226818162107809
2022-02-11,89.98,4.99,31.8,-0.00686678963590727,-0.007984074348220531,0.012658396871923465
2022-02-14,90.73,4.9,31.19,0.008300639768511276,-0.018200704646846387,-0.019368759166419194
2022-02-15,90.35,4.98,30.979999999999997,-0.0041970461433001515,0.016194685919980606,-0.0067556956309895
2022-02-16,88.05,4.98,31.479999999999997,-0.025786182096022278,0,0.016010588560479835
2022-02-17,87.5,4.96,31.16,-0.006266041578646406,-0.004024150299725491,-0.010217202546654825
2022-02-18,87.64999999999999,4.92,30.82,0.0017128180036746034,-0.008097210232619362,-0.010971391110577869
2022-02-21,87.99000000000001,4.85,30.650000000000002,0.003871560290226065,-0.014329825554824968,-0.00553116750974918
2022-02-22,88.4,4.859999999999999,30.630000000000003,0.004648797986128441,0.0020597329630105622,-6.527415375364672e-4
2022-02-23,92.8,4.85,30.459999999999997,0.04857467014855697,-0.002059732963010504,-0.005565573377668337
2022-02-24,88,4.74,30.36,-0.0531098253139484,-0.022941569242406618,-0.0032883949395865514
2022-02-25,86.9,4.89,30.95,-0.012578782206860071,0.03115516777979548,0.019247046603175857
2022-02-28,80.92,4.930000000000001,30.87,-0.0712970199718017,0.008146684567818328,-0.0025881606165371477
2022-04-01,78,5.02,32.660000000000004,-0.036752185609953046,0.01809094564903883,0.056366249028251214
2022-04-04,77.5,5.06,32.59,-0.0064308903302904025,0.007936549595736342,-0.002145594692848872
2022-04-05,78.33,5.08,32.96,0.010652735019845932,0.003944778291016546,0.01128921219180071
2022-04-06,78.34,5,32.83,1.2765685853816124e-4,-0.01587334915629012,-0.003951973527769688
2022-04-07,77.13,5,32.309999999999995,-0.015566018291777499,0,-0.01596595167709453
2022-04-08,80.21000000000001,5.06,33.4,0.039155885432925606,0.011928570865273812,0.03317912014624804
2022-04-11,79.02,5.03,33.1,-0.014947210395588703,-0.0059464991877261906,-0.00902261759963742
2022-04-12,77.36,5,33.55,-0.021231133838205712,-0.00598207167754754,0.013503581034673523
2022-04-13,77.27,4.99,33.839999999999996,-0.0011640691995464328,-0.0020020026706730793,0.008606671320331764
2022-04-14,78.8,5.03,34.03,0.019607214918340974,0.007984074348220549,0.005598953774792044
2022-04-19,79.4,4.98,33.879999999999995,0.007585371389256784,-0.009990093075086299,-0.004417618728960877
2022-04-21,85.9,5.04,33.730000000000004,0.07868546073711966,0.01197619104671562,-0.0044372207102945545
2022-04-22,87.4,4.95,32.82,0.017311453671280147,-0.01801850550267825,-0.027349563411614132
2022-04-25,85.81,4.88,31.24,-0.018359732842460254,-0.014242356715543216,-0.04933876069045962
2022-04-26,83.43,4.84,31.53,-0.028127592905046385,-0.00823049913651548,0.009240148585484411
2022-04-27,79.99000000000001,4.88,31.85,-0.04210633005325258,0.008230499136515444,0.010097908461202959
2022-04-28,80.55,4.9,32.44,0.006976482762252829,0.0040899852515252876,0.01835484722903978
2022-04-29,82.86,4.930000000000001,32.67,0.028274327026272493,0.006103782938017885,0.0070649963657666475
2022-08-01,79.5,4.859999999999999,32.63,-0.04139541498896954,-0.014300550142196607,-0.0012251150077495648
2022-08-02,80.51,4.84,32.809999999999995,0.012624378651603136,-0.004123717183861929,0.00550123636778075
2022-08-03,83.45,4.859999999999999,32.9,0.03586624979595462,0.004123717183861935,0.0027393107983159927
2022-08-04,83.81,4.88,32.48,0.00430468200297083,0.004106781952653502,-0.012848142477849022
2022-08-05,84.5,4.83,32.68,0.008199202252313414,-0.010298752200574473,0.006138754698325062
2022-08-08,84.6,4.87,32.839999999999996,0.001182732249049394,0.008247469430017043,0.004884014592425137
2022-08-09,84.06,4.83,33.190000000000005,-0.006403437035206912,-0.008247469430017114,0.010601341147656033
2022-08-11,86.35,4.88,33.99,0.02687797501571698,0.010298752200574473,0.02381773797614138
2022-08-12,87.3,4.88,33.949999999999996,0.01094165825286897,0,-0.0011775097033197128
2022-08-15,89.5,4.91,33.5,0.02488816243525329,0.006128721941373546,-0.013343415173684224
2022-08-16,90.64,4.91,33.760000000000005,0.012656991438941187,0,0.007731230896735849
2022-08-17,94.07,4.859999999999999,33.82,0.0371435692641092,-0.010235503894026976,0.0017756737426777123
2022-08-18,94,4.88,34.44,-7.444037138560525e-4,0.004106781952653502,0.018166336089095788
2022-08-19,96.86999999999999,4.84,34.48,0.030075091168289575,-0.00823049913651548,0.0011607662359622872
2022-08-22,97.5,4.79,34.690000000000005,0.0064825045655080155,-0.01038430930571638,0.006072015186166188
2022-08-23,92.52,4.76,35.78,-0.05242754064056311,-0.006282743179495292,0.03093761709891471
2022-08-25,89.3,4.79,35.809999999999995,-0.03542334948078506,0.006282743179495209,8.381059297679946e-4
2022-08-26,89.56,4.7,35.67,0.002907303848100818,-0.01896790270681092,-0.003917184639540988
2022-08-30,85.13,4.619999999999999,34.879999999999995,-0.05072929183458847,-0.017167803622365668,-0.022396400330021486
2022-08-31,78.96000000000001,4.57,33.98,-0.07523810477073939,-0.010881500187533947,-0.026141482796992913
2022-09-01,77.01,4.48,33.660000000000004,-0.025006111574067427,-0.01989015847921946,-0.00946192748112582
2022-09-02,78.41000000000001,4.57,34.4,0.018016186691671834,0.019890158479219412,0.02174637561669256
2022-09-05,73.75,4.54,35.15,-0.06127047502290146,-0.006586192852856726,0.02156805387732117
2022-09-06,71.05,4.56,34.260000000000005,-0.037297140676819655,0.004395611473037907,-0.02564612536069986
2022-09-07,69.06,4.55,33.21,-0.02840816258126334,-0.002195390563435615,-0.03112745750731879
2022-09-09,65.21000000000001,4.63,33.68,-0.0573628605567353,0.017429635135283596,0.014053153985470693
2022-09-12,65.96000000000001,4.71,34.11,0.011435666286287208,0.017131039930183774,0.012686407056428399
2022-09-13,70.48,4.63,33.82,0.0662804839365259,-0.01713103993018367,-0.008538252960120094
2022-09-14,68.29,4.58,34.09,-0.031565638654926106,-0.010857869972049069,0.007951742679377592
2022-09-15,70.84,4.56,33.379999999999995,0.036660469941634806,-0.004376374599799,-0.021047167916122936
2022-09-16,71,4.49,32.82,0.002256064126682554,-0.015469921772131665,-0.016918832571744064
2022-09-20,70.38,4.42,32.48,-0.008770745147876357,-0.015713005664556225,-0.010413570368467776
2022-09-21,70.39,4.46,33.05,1.420757266012846e-4,0.00900906994236591,0.017397051004218022
2022-09-22,69.88,4.359999999999999,32.99,-0.0072717223541844955,-0.022676708671029815,-0.0018170810572051435
2022-09-23,67.56,4.28,31.06,-0.03376339332625641,-0.018519047767237302,-0.0602836675199491
2022-09-26,66.02,4.26,30.93,-0.023058365514552433,-0.004683849312426425,-0.0041942310235627235
2022-09-27,67.7,4.25,31.37,0.025128453493182365,-0.0023501773449535156,0.014125435505608464
2022-09-28,64.71000000000001,4.2700000000000005,31.43,-0.04517043084905453,0.004694844304207885,0.0019108286068895192
2022-09-29,64.7,4.2,31.3,-1.5454756231994503e-4,-0.016529301951210582,-0.004144753263368704
2022-09-30,66.86999999999999,4.26,31.67,0.03298923455903214,0.014184634991956381,0.011751763004441036
2022-11-01,78.76,4.48,35.309999999999995,0.16365481770503792,0.05035388614561481,0.10879634938974646
2022-11-03,76.63,4.42,35.620000000000005,-0.027416608788611973,-0.0134833503372871,0.008741067921220863
2022-11-04,78.14,4.51,36.05,0.019513444644611733,0.02015745742498015,0.01199958586944226
2022-11-07,76.75,4.52,36.220000000000006,-0.017948703159617968,0.0022148403295528213,0.004704588724309548
2022-11-08,76.02,4.57,35.620000000000005,-0.009556922906203882,0.011001211061973581,-0.016704174593751786
2022-11-09,75.35,4.57,34.97,-0.008852538488598237,0,-0.018416726786231265
2022-11-10,71.61999999999999,4.73,34.98,-0.05076956050221789,0.0344119975977284,2.859185151715291e-4
2022-11-11,73.33,4.73,35.230000000000004,0.023595437535421548,0,0.007121522762690546
2022-11-14,74.85,4.73,35.13,0.020516308759929172,0,-0.002842526075410607
2022-11-15,74.93,4.74,35.55,0.0010682335105820526,0.0021119332031435513,0.011884689971514113
2022-11-16,74.25,4.6899999999999995,35.44,-0.009116566693410436,-0.010604553248797336,-0.003099030512369677
2022-11-17,73.31,4.67,35.04,-0.012740752447313718,-0.004273510777381937,-0.011350859668689449
2022-11-18,72.22,4.73,35,-0.014980009386183584,0.01276613082303575,-0.0011422045787769408
2022-11-21,73.36,4.74,34.07,0.015661812098897658,0.0021119332031435513,-0.026930829816538486
2022-11-22,73.54,4.76,35.7,0.0024506479249166175,0.004210532536343458,0.046733457112718216
2022-11-23,74.08,4.79,35.74,0.007316114464797963,0.006282743179495209,0.0011198209456885855
2022-11-24,76.64,4.81,35.89,0.033973543324681145,0.004166672694845912,0.004188195428233837
2022-11-25,79.36,4.81,36.14,0.03487532931401219,0,0.006941580004566547
2022-11-28,77.61,4.7700000000000005,35.65,-0.022298178110569934,-0.00835077921741974,-0.013651138303777597
2022-11-29,78.88,4.75,36.28,0.016231425428332478,-0.004201686853700081,0.017517478386631036
2023-01-09,75.27,4.89,35.53,-0.04684606124793935,0.02904768544023082,-0.020889215214000126
2023-01-10,78.61,4.859999999999999,35.32,0.04341726875922445,-0.006153865574378335,-0.00592803429717647
2023-01-12,76.8,4.91,36.03,-0.0232942776520387,0.01023550389402693,0.0199025490242426
2023-01-13,76.42,4.94,36.11,-0.004960198134872531,0.006091389393401912,0.0022179105293645
2023-01-16,75.05,4.970000000000001,35.52,-0.01808988393928294,0.0060545089087062215,-0.016473917165397013
2023-01-17,75.04,4.99,35.75,-1.3325338150164522e-4,0.004016069654889744,0.006454351016047267
2023-01-18,76.25,5,35.9,0.01599611078955174,0.0020020026706729687,0.004187026354216453
2023-01-19,82.06,4.92,35.13,0.07343327152651899,-0.016129381929883644,-0.021681829216497438
2023-01-20,81.01,4.930000000000001,35.28,-0.01287808317164014,0.002030457550382143,0.00426076486085474
2023-01-23,81.52,4.96,35.46,0.006275785072069283,0.006066752682237142,0.005089069507471227
2023-01-24,80.88,4.95,35,-0.007881814202253368,-0.002018164156237124,-0.013057239156648163
2023-01-25,78.29,4.95,34.7,-0.03254669379239297,0,-0.008608374536600051
2023-01-26,83.51,4.96,34.98,0.06454650424531523,0.0020181641562371953,0.008036782637642422
2023-01-27,86.71000000000001,4.970000000000001,35.33,0.03760283222393104,0.002014099371701407,0.009955991780597846
2023-01-30,85.2,4.96,35.14,-0.01756778355379909,-0.0020140993717013673,-0.005392378612102598
2023-01-31,86.67999999999999,4.94,34.98,0.017221742832888087,-0.004040409537004863,-0.004563613168495277
2023-02-01,91.91000000000001,4.95,34.690000000000005,0.058586660701859944,0.002022245380767649,-0.008325008608797424
2023-02-02,93.5,5.03,34.17,0.017151598924623094,0.01603240753104901,-0.015103394854458012
2023-02-03,91.14999999999999,5.04,34.51,-0.025454935169969394,0.0019860979716293243,0.009901070982711537
2023-02-06,91.78,5.01,34.2,0.006887907842015604,-0.005970166986503907,-0.009023493041352486
2023-02-07,87.52,5,35.220000000000006,-0.04752707029301639,-0.0019980026626729977,0.029388458999500704
2023-02-09,87.36,5.04,36.41,-0.001829826677076116,0.007968169649176881,0.03322935911928175
2023-02-10,89.7,4.98,37.230000000000004,0.026433257068155646,-0.011976191046715648,0.022271425697283645
2023-02-13,88.86,5.03,37.2,-0.0094086715569881,0.009990093075086186,-8.061266055246637e-4
2023-02-14,89.96000000000001,5.03,37.32,0.01230302958335267,0,0.003220614700042157
2023-02-15,87.75,5.05,37.14,-0.0248732647451398,0.003968259175620449,-0.004834820054583292
2023-02-16,92.85,5.05,37.49,0.056493425452739623,0,0.009379674823260924
2023-02-17,93.69,5.04,36.77,0.0090061721643821,-0.001982161203991211,-0.019391935434640017
2023-02-20,93.73,5.05,36.790000000000006,4.2684879529759397e-4,0.0019821612039912025,5.437738035025407e-4
2023-02-21,95.35,5.03,36.5,0.017136023288033604,-0.003968259175620511,-0.007913808528237384
2023-02-23,93.26,5.02,36.4,-0.02216304066625318,-0.001990050408010147,-0.0027434859457508326
2023-02-24,95.83,4.970000000000001,36.260000000000005,0.027184496975495968,-0.010010093595100236,-0.0038535693159898548
2023-02-27,95.11999999999999,5.02,36.75,-0.007436535973144574,0.010010093595100205,0.01342302033214055
2023-02-28,96.33,4.99,36.690000000000005,0.01264054438700603,-0.005994023940210413,-0.0016339872916549124
2023-04-03,89.82,5.01,35.730000000000004,-0.06997212910994036,0.004000005333346137,-0.026513566331872233
2023-04-04,94.11999999999999,5.01,35.220000000000006,0.046762896199569776,0,-0.014376568967258313
2023-04-06,94.3,5.02,35.56,0.0019106257802500846,0.001994018606864449,0.009607307577643645
2023-04-11,95.52,5.05,35.82,0.01285446000488011,0.005958309583630624,0.007284985986861782
2023-04-12,93.9,5.06,35.89,-0.017105263430074652,0.0019782400121057205,0.0019523085269501196
2023-04-13,90.51,5.08,35.87,-0.036770044375137846,0.003944778291016546,-5.574136153247936e-4
2023-04-14,92.3,5.109999999999999,35.949999999999996,0.019583799669726946,0.005888142625222311,0.002227792622864497
2023-04-17,90.55,5.109999999999999,35.51,-0.01914195717938404,0,-0.012314737212059113
2023-04-18,90.55,5.119999999999999,35.449999999999996,0,0.001955034835803295,-0.0016910939768601107
2023-04-20,90.67999999999999,5.13,34.849999999999994,0.0014346413099057798,0.001951220131261971,-0.0170701157716037
2023-04-21,88.6,5.1499999999999995,34.87,-0.023204968028292916,0.0038910554929665,5.737234810270437e-4
2023-04-24,85.7,5.159999999999999,35.09,-0.03327903200730111,0.0019398648178264545,0.006289328907564139
2023-04-25,84.73,5.1499999999999995,34.690000000000005,-0.011383095393361343,-0.0019398648178265915,-0.011464728613465393
2023-04-26,83.31,5.1,34.78,-0.016901140223554913,-0.009756174945364684,0.0025910479444785023
2023-04-27,85,5.119999999999999,34.43,0.02008266650349848,0.003913899321136315,-0.010114231575704626
2023-04-28,84,5.1499999999999995,35.1,-0.011834457647002796,0.00584227562422836,0.01927285312138773
2023-08-01,84.69,5.1899999999999995,34.190000000000005,0.00818073209019405,0.007736982502152401,-0.026267926820610073
2023-08-02,81.88,5.119999999999999,33.620000000000005,-0.03374277014041886,-0.013579258126380864,-0.01681207567074037
2023-08-03,83.52,5.08,33.87,0.01983136334123978,-0.007843177461025782,0.00740853884921048
2023-08-04,83.33,5.09,34.41,-0.002277495740213131,0.0019665689720408473,0.01581755297970868
2023-08-07,82.28,5.1,34.25,-0.012680563609358956,0.001962709167848689,-0.004660655101154641
2023-08-08,81.46000000000001,5.1,34.13,-0.010015962564489785,0,-0.003509801789618592
2023-08-10,82.24000000000001,5.159999999999999,35.05,0.009529699486588506,0.011696039763191236,0.02659885056198335
2023-08-11,84.2,5.1,34.86,0.02355311954142598,-0.011696039763191187,-0.005435573388724188
2023-08-14,85.34,5.109999999999999,34.6,0.013448356511572973,0.0019588644853329716,-0.007486358028196287
2023-08-15,86.71000000000001,5.06,34.339999999999996,0.01592593962921529,-0.009832920916238832,-0.0075428265943492355
2023-08-16,87.01,5.06,34.32,0.003453837188863824,0,-5.825808495678695e-4
2023-08-17,86.84,5,34.42,-0.001955709567842022,-0.01192857086527373,0.002909516163631979
2023-08-18,86.67999999999999,4.970000000000001,34.309999999999995,-0.001844168341932901,-0.00601807232556291,-0.0032009339130351522
2023-08-21,86,4.970000000000001,34.52,-0.007875880414650491,0,0.006102009344869037
2023-08-22,87.86,5.01,34.690000000000005,0.0213973422941258,0.008016074988235904,0.004912594766431188
2023-08-24,85.51,5.02,34.41,-0.027111310379769545,0.001994018606864449,-0.008104241172269547
2023-08-25,85.5,5.01,34.53,-1.1695222514941287e-4,-0.0019940186068643953,0.0034812915925121176
2023-08-29,84.64,5.119999999999999,35.03,-0.010109407832725304,0.0217185239546429,0.014376325807494424
2023-08-30,84.57,5.109999999999999,35.05,-8.273743158584281e-4,-0.0019550348358033506,5.707762712034439e-4
2023-08-31,85.52,5.09,35.03,0.011170672922658893,-0.003921573653181579,-5.707762712035288e-4
2023-09-01,84,5.09,35.690000000000005,-0.017933467873476112,0,0.01866570029267359
2023-09-04,83.42,5.09,35.64,-0.00692871007451438,0,-0.001401934899460516
2023-09-05,83.41000000000001,5.07,36.07,-1.1988251527865937e-4,-0.003937012959339532,0.011992892312839037
2023-09-08,82.09,5.05,36.120000000000005,-0.015951999893345687,-0.003952574315823469,0.0013852336333371705
2023-09-11,80.98,5.06,36.339999999999996,-0.013613995756159764,0.0019782400121057205,0.006072334419240182
2023-09-12,80.6,5.05,36.46,-0.004703561091432623,-0.0019782400121057075,0.0032967062824920245
2023-09-13,80.5,5.03,36.28,-0.001241465088064877,-0.003968259175620511,-0.004949144003581145
2023-09-14,81.69,5.109999999999999,37.160000000000004,0.014674410929260237,0.015779420103964992,0.023966288698701987
2023-09-15,82.33,5.119999999999999,37.13,0.007803965956556643,0.001955034835803295,-8.076457566491152e-4
2023-09-18,80.26,5.06,36.96,-0.025464196471563914,-0.011787955752042127,-0.004589021415505384
2023-09-19,79.5,5.05,37.32,-0.009514343178484489,-0.0019782400121057075,0.009693129205659751
2023-09-20,79.8,5.1,37.160000000000004,0.0037664827954768648,0.00985229644301164,-0.004296462033505228
2023-09-21,81.78,5.03,36.879999999999995,0.024509210480733144,-0.013820555618632085,-0.007563515257244954
2023-09-22,84.03,5.01,36.98,0.027141163003630616,-0.003984069014874459,0.002707827270585662
2023-09-25,83.92,4.98,36.91,-0.0013099138520851299,-0.006006024060211698,-0.0018947089170715497
2023-09-26,82.44000000000001,4.95,36.67,-0.01779320806578337,-0.006042314455962697,-0.0065235349586724506
2023-09-27,81.36999999999999,4.930000000000001,37.24,-0.013064101313692617,-0.004048588526000108,0.015424470325631729
2023-09-28,81.9,4.95,37.5,0.006492336150458018,0.004048588526000111,0.006957480567498719
2023-09-29,81.64999999999999,4.98,37.02,-0.003057171442549833,0.006042314455962662,-0.012882625831013605
2023-11-02,77.88,4.89,36.94,-0.04727263891247517,-0.018237587549781015,-0.0021633323742576423
2023-11-03,78.35,4.91,36.120000000000005,0.006016788298030855,0.004081638319648678,-0.022448246222309082
2023-11-06,76.02,4.9,36.39,-0.030189505240927075,-0.0020387366898482057,0.007447283075283639
2023-11-07,75.58,4.9,35.49,-0.0058047656397596965,0,-0.025043044965663324
2023-11-08,74.56,4.92,35.33,-0.013587527544007133,0.004073325387635648,-0.004518505287351338
2023-11-09,75.75,4.970000000000001,35.6,0.015834274012142845,0.010111309604320695,0.007613176486931063
2023-11-10,76.46000000000001,4.91,35.71,0.009329283878788293,-0.012145898302108228,0.0030851237483723493
2023-11-13,77.01,4.94,36.18,0.00716755528289205,0.006091389393401912,0.013075718360792033
2023-11-14,76.61999999999999,5.02,36.160000000000004,-0.005077144278656038,0.016064602503806622,-5.52944443173214e-4
2023-11-15,79.45,5.04,36.24,0.03626975371022226,0.003976148379639417,0.0022099456508028917
2023-11-16,79,5.02,35.37,-0.005680040515703568,-0.003976148379639517,-0.024299477957389428
2023-11-17,76.55,5.07,35.96,-0.031503730363328784,0.009910883899454178,0.016543206386030473
2023-11-20,76.35,5.07,36.46,-0.0026160904390513913,0,0.013808559647097565
2023-11-21,75.69,5.07,36.18,-0.008681980343565356,0,-0.0077092892833679726
2023-11-22,74.84,5.09,35.57,-0.011293549915187166,0.003937012959339599,-0.017003894006785224
2023-11-23,74.5,5.1,36.03,-0.004553376020375104,0.001962709167848689,0.01284933879963805
2023-11-24,75.9,5.109999999999999,36.27,0.018617559016070515,0.0019588644853329716,0.006639028534809085
2023-11-27,74.57,5.1,36.13,-0.01767840284588099,-0.001958864485332923,-0.003867408135262177
2023-11-28,71.71000000000001,5.08,36.2,-0.03910807366121977,-0.003929278139889438,0.0019355736721764704
2023-11-30,70.79,5.1499999999999995,36.27,-0.012912460108385614,0.01368545308525423,0.0019318344630856027
2024-01-08,69.61999999999999,5.359999999999999,35.720000000000006,-0.016665865402805298,0.039967260407065906,-0.015280197286512618
2024-01-15,63.5,5.33,35.27,-0.09201197648464678,-0.0056127369049573245,-0.012678011760337745
2024-01-16,63.2,5.319999999999999,34.67,-0.004735604745834127,-0.0018779348242003201,-0.017157984551028557
2024-01-17,62.96,5.26,34.02,-0.0038046970436639714,-0.011342276603934495,-0.01892617272921636
2024-01-18,61.28,5.29,33.98,-0.02704607867681196,0.005687219120589514,-0.0011764707239299236
2024-01-19,61.93,5.2700000000000005,33.809999999999995,0.01055118951763362,-0.0037878833169369803,-0.0050154995239913725
2024-01-22,59.74,5.33,33.8,-0.0360029021620058,0.011320875624482075,-2.9581423082146924e-4
2024-01-23,60.55,5.3,34.01,0.013467657211137346,-0.00564441761967707,0.006193796530131122
2024-01-24,62,5.37,34.28,0.023664915045990418,0.013121087962697276,0.00790749471047494
2024-01-25,61.949999999999996,5.39,34.41,-8.067769699401454e-4,0.003717476400132352,0.0037851260798099336
2024-01-26,61.949999999999996,5.44,34.86,0,0.009233675946945524,0.01299282028248602
2024-01-29,60.809999999999995,5.45,35.17,-0.018573358943133153,0.0018365478073013304,0.008853406394016368
2024-01-30,59.82,5.46,35.160000000000004,-0.01641419593021631,0.0018331810816609117,-2.8437366891473066e-4
2024-01-31,62.27,5.46,35.04,0.040139715682558585,0,-0.0034188067487857204
2024-02-01,61.09,5.430000000000001,35.4,-0.019131582222685038,-0.005509655810969473,0.010221554071538009
2024-02-02,60.92,5.430000000000001,34.9,-0.0027866586347145353,0,-0.014224990931347324
2024-02-05,60.68,5.430000000000001,34.53,-0.0039473735466296015,0,-0.010658317806480468
2024-02-06,60.25,5.46,35.220000000000006,-0.0071115821095670715,0.005509655810969479,0.019785591666159334
2024-02-08,59.849999999999994,5.44,34.720000000000006,-0.0066611403667823105,-0.00366972888896229,-0.014298213275910672
2024-02-09,57.24,5.44,34.77,-0.04458847731573188,0,0.0014390562276205706
2024-02-12,55.839999999999996,5.470000000000001,35.01,-0.02476249623413318,0.00549955556603867,0.006878788946804051
2024-02-13,54.24,5.41,34.94,-0.029071814821976842,-0.01102952357549973,-0.0020014302606637595
2024-02-14,54.07,5.44,34.879999999999995,-0.0031391402382266566,0.0055299680094611755,-0.001718705665131721
2024-02-15,54.87,5.48,34.760000000000005,0.014687247676970579,0.00732604009207288,-0.003446298643587263
2024-02-16,55.120000000000005,5.52,34.91,0.0045458756345191365,0.007272759329079656,0.004306020719753118
2024-02-19,53,5.53,34.99,-0.039220713153281385,0.0018099552452396075,0.0022889852626521265
2024-02-20,51.8,5.53,34.61,-0.022901764286684563,0,-0.010919648732343863
2024-02-22,51.55,5.57,34.89,-0.004837938802468488,0.007207238404949166,0.008057597551429797
2024-02-23,49.5,5.59,34.809999999999995,-0.04057954088832431,0.0035842332278151067,-0.002295553375335348
2024-02-26,50.65,5.57,34.65,0.02296656112004781,-0.0035842332278150494,-0.004606976187435231
2024-02-27,51.120000000000005,5.58,34.8,0.009236579374587108,0.0017937224540269007,0.00431966114451638
2024-02-28,54.94,5.55,34.620000000000005,0.07206587059784836,-0.005390848634876423,-0.005185837032365191
2024-02-29,54.9,5.56,34.6,-7.283321516428215e-4,0.0018001805041478473,-5.778676843846911e-4
2024-04-02,57.07,5.67,37.790000000000006,0.038765236033131895,0.019591009477169793,0.08819083529771907
2024-04-04,56.37,5.6899999999999995,38.220000000000006,-0.012341482455133137,0.003521130398578739,0.011314421450729292
2024-04-05,57.17,5.64,38.24,0.014092183182396379,-0.00882618262827196,5.23149371073524e-4
2024-04-08,58.41,5.659999999999999,38.61,0.021457822776338058,0.0035398267051239864,0.009629222092944348
2024-04-09,61.3,5.63,38.64,0.04829273488994763,-0.005314450063492479,7.766990681721979e-4
2024-04-10,63,5.64,38.879999999999995,0.02735488344936693,0.0017746233583684796,0.00619197024792098
2024-04-11,63.42,5.619999999999999,38.77,0.00664454271866851,-0.003552401604367883,-0.0028332279094003387
2024-04-12,68.01,5.63,39.720000000000006,0.06987548407734599,0.001777778245999357,0.024208087494134105
2024-04-15,68.16999999999999,5.64,38.790000000000006,0.0023498321871463527,0.0017746233583684796,-0.02369235772509604
2024-04-16,70.61,5.57,38.1,0.03516719215356184,-0.012489011570774809,-0.017948199319220686
2024-04-18,67.14999999999999,5.58,38.04,-0.050242854559009,0.0017937224540269007,-0.0015760444554657658
2024-04-19,67.77,5.58,38.01,0.009190696178775175,0,-7.889546760321761e-4
2024-04-22,65.1,5.619999999999999,38.46,-0.04019506993349803,0.007142887512379983,0.011769457159476408
2024-04-23,64.28,5.68,38.56,-0.012676008345211634,0.01061956882746035,0.002596729581711135
2024-04-24,65.35,5.6499999999999995,38.5,0.016508899200919087,-0.005295687574710455,-0.001557228448606431
2024-04-25,65.08,5.609999999999999,38.44,-0.00414015771939381,-0.007104825623744682,-0.0015596571916468864
2024-04-26,65.66,5.6899999999999995,38.61,0.008872629722609623,0.014159528603634515,0.004412726174053354
2024-04-29,63.52,5.7,38.61,-0.03313509513456618,0.0017559267022650123,0
2024-04-30,65.26,5.67,38.339999999999996,0.027024474226294278,-0.005277057100843781,-0.0070175726586466465
2024-08-01,69.76,5.89,36.77,0.06668148843554958,0.03806687992383453,-0.04181144230431757
2024-08-02,67.02,5.74,35.86,-0.040069697291559944,-0.02579678733202019,-0.025059827136193882
2024-08-05,68.64999999999999,5.619999999999999,34.61,0.02403004990481563,-0.02112754642587551,-0.03547981052973396
2024-08-08,68.9,5.72,35.67,0.0036350458056329683,0.017637141486106876,0.03016734172354733
2024-08-09,70.46000000000001,5.76,35.809999999999995,0.022388994893478686,0.0069686693160934355,0.0039171846395409625
2024-08-12,71.14999999999999,5.75,36.04,0.009745151622769675,-0.0017376198985407372,0.006402248729795916
2024-08-13,70.82,5.79,35.98,-0.004648877852103695,0.006932436775644895,-0.0016662042177501397
2024-08-14,70.59,5.819999999999999,35.97,-0.0032529552763767206,0.0051679701584423764,-2.7797081485447605e-4
2024-08-15,69.85,5.89,36.46,-0.010538405704410076,0.01195573592014884,0.013530511542984442
2024-08-16,71,5.91,36.43,0.016329791338344727,0.003389833754511524,-8.231582300445543e-4
2024-08-19,71.5,5.94,36.71,0.00701757265864654,0.005063301956546854,0.007656586488270478
2024-08-20,72.4,5.92,35.92,0.012508849691708705,-0.003372684478639341,-0.021754954074744006
2024-08-22,71.02,5.96,35.7,-0.019244771876729013,0.0067340321813441194,-0.006143554648405463
2024-08-23,70.73,5.99,36.01,-0.004091716467043111,0.005020931050099664,0.008645988875190445
2024-08-27,70.16999999999999,6,36.24,-0.007948941783701428,0.0016680571006970131,0.006366803513994717
2024-08-28,70.39,6.02,36.09,0.003130338355842998,0.003327790092674524,-0.004147662520081373
2024-08-29,69.5,6.06,36.379999999999995,-0.01272445504929375,0.006622540760493456,0.00800335443527873
2024-08-30,70.07,6.08,36.06,0.008167989811695874,0.0032948958968527058,-0.008834955314804827
2024-09-02,69.3,6.08,36.13,-0.011049836186584934,0,0.0019393273843776421
2024-09-03,68.56,6.03,35.13,-0.01073563190633314,-0.008257685238981575,-0.028068078881813157
2024-09-05,65.99000000000001,5.94,34.809999999999995,-0.03820605889419398,-0.015037877364540446,-0.009150764454388312
2024-09-06,67,5.89,34.09,0.015189403995635682,-0.008453135711058352,-0.020900615673535572
2024-09-09,65.75,5.94,34.349999999999994,-0.018832948333092125,0.00845313571105841,0.0075979325185464635
2024-09-10,65.83,5.91,33.8,0.0012159904219113946,-0.005063301956546762,-0.016141216179385135
2024-09-11,64.75,5.92,33.83,-0.016541960900138212,0.0016906174779074518,8.871803036440923e-4
2024-09-12,65.1,5.96,34.220000000000006,0.005390848634876373,0.0067340321813441194,0.0114622856714306
2024-09-13,64.89,6,34.660000000000004,-0.00323102058144642,0.006688988150796709,0.012776015823412552
2024-09-16,64.94000000000001,5.99,34.64,7.702380416230747e-4,-0.0016680571006969472,-5.772005932257097e-4
2024-09-17,62.71,6.01,34.93,-0.03494284211977059,0.003333336419758217,0.008336975124506119
2024-09-18,62.8,5.98,34.97,0.0014341489192233907,-0.005004180584575727,0.0011444922565439048
2024-09-19,63.56,6.06,35.5,0.012029268194362345,0.013289232118682487,0.015042145406085675
2024-09-20,63.18,5.98,35.09,-0.005996546294576127,-0.013289232118682538,-0.011616506886246282
2024-09-23,64,6.01,35.43,0.01289528798573279,0.005004180584575729,0.0096427292822568109
2024-09-24,63.91,6.04,35.48,-0.0014072396974815053,0.004979263399607364,0.0014102385639979708
2024-09-25,63.55,6.04,34.94,-0.005648846026727363,0,-0.015336852735468165
2024-09-26,63.879999999999995,6.13,33.879999999999995,0.005179325711348569,0.014790738001396473,-0.030807434922056974
2024-09-27,65.45,6.1499999999999995,34.120000000000005,0.024280169009097317,0.0032573318703065044,0.0070588528396250474
2024-09-30,65.69,6.09,34.17,0.003660214548472667,-0.009804000096620743,0.00146434350372211
2024-11-01,64.46000000000001,5.91,33.97,-0.01890183051708968,-0.03000225030379879,-0.005870283954708051
2024-11-04,64.67999999999999,5.89,34.11,0.0034071583216141346,-0.0033898337545115397,0.004112814258061778
2024-11-05,65.06,5.88,34.13,0.005857886336299457,-0.0016992357529598016,5.861664880613928e-4
2024-11-06,62.94,5.84,33.82,-0.03312802940894469,-0.006825965070399871,-0.009124419448181468
2024-11-07,65.35,5.88,34.1,0.037575548433970034,0.00682596507039989,0.008245040819036806
2024-11-08,66.2,5.85,33.720000000000006,0.012923022872731787,-0.005115100666770489,-0.011206251155816254
2024-11-11,67.6,5.92,33.86,0.02092752010595582,0.011894787652149144,0.004143243571334371
2024-11-12,65.92,5.8,33.18,-0.025166097447702002,-0.020478531343540676,-0.020287091942690825
2024-11-13,65.86,5.79,33.61,-9.106086529981041e-4,-0.0017256259674697252,0.012876356974715753
2024-11-14,67.14999999999999,5.859999999999999,34.25,0.019397646021028222,0.012017312004017266,0.018862922971220015
2024-11-15,66.78,5.819999999999999,34.61,-0.005525288453737976,-0.006849341845574782,0.010456092939018497
2024-11-18,67.7,5.8,34.730000000000004,0.013682545402720864,-0.003442344190972678,0.0034612091087299914
2024-11-19,69.05,5.78,34.49,0.01974469993707177,-0.003454234868087446,-0.006934439807233129
2024-11-20,68.02,5.78,34.53,-0.015029100276251746,0,0.0011590844531513575
2024-11-21,68.79,5.81,34.949999999999996,0.01125660595887342,0.0051768881795337274,0.012089957277918135
2024-11-22,69.71000000000001,5.89,35.120000000000005,0.013285393960384514,0.01367542679967549,0.0048523000870968475
2024-11-25,69.32,5.9,34.77,-0.005610314650902228,0.0016963532481785552,-0.010015822747145938
2024-11-26,69.36999999999999,5.87,34.349999999999994,7.210325498045211e-4,-0.005097717071668718,-0.01215292735141196
2024-11-28,67.91000000000001,5.87,34.44,-0.021271198271509608,0,0.0026166608911719104
2024-11-29,67.3,5.91,34.58,-0.00902306247501813,0.006791197578001755,0.004056800695614469
2025-01-06,73.78,5.91,35.61,0.09192745551784753,0,0.029351017034541908
2025-01-07,71.02,5.92,35.879999999999995,-0.038126164653587834,0.0016906174779074518,0.007553539900908901
2025-01-08,71.5,5.91,35.4,0.006735922185020274,-0.0016906174779074386,-0.01346821705086648
2025-01-09,70.01,5.94,35.660000000000004,-0.021059360710855735,0.005063301956546854,0.007317792295265724
2025-01-10,70.63,5.87,35.58,0.008816894431724525,-0.011854499534548481,-0.0022459301973054664
2025-01-13,74.4,5.83,35.97,0.052000958418215455,-0.006837633477604075,0.010901575469843402
2025-01-14,74.45,5.83,35.7,6.718172909718648e-4,0,-0.007534568921939057
2025-01-16,75.7,5.970000000000001,35.6,0.01665040131338508,0.0237299270421099,-0.002805050927608609
2025-01-17,77.3,6.01,35.91,0.02091579514997304,0.006677821142605448,0.008670170380006647
2025-01-20,76.4,6,35.620000000000005,-0.0117112594209014,-0.0016652793190612086,-0.008108530376475711
2025-01-21,77.3,6.03,35.44,0.011711259420901413,0.004987541511039188,-0.005066152124635603
2025-01-22,76.71000000000001,6.06,35.5,-0.007661877622171146,0.004962789342128876,0.0016915707444900546
2025-01-23,79.06,6.08,35.690000000000005,0.030174979897334413,0.0032948958968527058,0.005337841020699036
2025-01-24,78.43,6.08,35.339999999999996,-0.008000550643964282,0,-0.00985507061051888
2025-01-27,77.7,6.07,34.5,-0.00935124985097345,-0.0016460909066686802,-0.02405614285423615
2025-01-28,77.06,6.09,34.690000000000005,-0.008270918175590272,0.003289476650398705,0.005492136944344444
2025-01-30,81.57,6.17,35.53,0.05687720811447736,0.013050756195490775,0.02392594905127736
2025-01-31,81.11,6.18,35.68,-0.0056552892302355676,0.001619433552302976,0.004212897678872941
2025-02-03,80.39,6.119999999999999,35.339999999999996,-0.008916467742383869,-0.009756174945364798,-0.009574840820258345
2025-02-04,79.06,6.13,35.64,-0.01668273247132999,0.0016326534238855332,0.00845313571105841
2025-02-05,77.86999999999999,6.159999999999999,35.8,-0.015166288279644929,0.004882027597308319,0.004479290804046041
2025-02-06,79.75,6.24,35.9,0.02385597207605934,0.012903404835908001,0.0027894020875785922
2025-02-07,80.71000000000001,6.2,36.05,0.011965741671327178,-0.0064308903302904025,0.004169568236724831
2025-02-10,81.27,6.24,36.56,0.006914461428832412,0.0064308903302903305,0.014047882854991214
2025-02-11,80.08,6.25,36.849999999999994,-0.014750809758148253,0.0016012813669738274,0.007900872049396122
2025-02-13,76.77,6.33,36.74,-0.04221219616715799,0.012718772407774612,-0.002989538848365826
2025-02-14,75.84,6.31,36.879999999999995,-0.012188080893040711,-0.003164559602963137,0.0038033189014132244
2025-02-17,77.02,6.33,36.96,0.015439270439996293,0.003164559602963161,0.002166848085090515
2025-02-18,74.53,6.35,37.06,-0.03286339949316031,0.0031545767485153453,0.002701974083730262
2025-02-19,72.9,6.29,36.91,-0.022113089878989942,-0.00949374219225104,-0.004055703815306665
2025-02-20,71.21000000000001,6.3,36.849999999999994,-0.02345538102057903,0.00158856268513774,-0.0016268984065616213
2025-02-21,73.01,6.34,36.51,0.024963160073961,0.00632913505164753,-0.009269422967800027
2025-02-24,70.8,6.319999999999999,36.32,-0.03073741736832042,-0.003159560290368593,-0.005217641934452922
2025-02-25,71.14999999999999,6.319999999999999,35.89,0.004931323836187323,0,-0.011909848573576583
2025-02-27,69.96000000000001,6.34,36.41,-0.016866674385459773,0.003159560290368518,0.014384757027825974
2025-02-28,70.64999999999999,6.34,36.21,0.00981445898013494,0,-0.0055081384097921855
2025-04-01,66.71000000000001,6.1,37.36,-0.05738324240911219,-0.03858999726986897,0.03126528958309208
2025-04-02,68.61999999999999,6.07,37.18,0.028229170708879325,-0.004930166107858609,-0.004829631067343951
2025-04-03,65.75,5.930000000000001,35.27,-0.04272436637242961,-0.023334392061772746,-0.052738238045337206
2025-04-04,63.8,5.659999999999999,32.82,-0.030106480707129835,-0.04660032079454273,-0.07199465858601586
2025-04-07,59.760000000000005,5.4,31.23,-0.06541664952618217,-0.047024938644862624,-0.049658914366957595
2025-04-08,60.349999999999994,5.55,31.64,0.009824406718978544,0.027398974188114343,0.013042971604466023
2025-04-10,62.08,5.56,30.830000000000002,0.028262928331422955,0.0018001805041478473,-0.02593390100139405
2025-04-11,61.01,5.57,30.47,-0.01738609071120223,0.0017969456767018563,-0.011745648900441434
2025-04-14,64.6,5.71,31.43,0.05717662562479507,0.024823969728726195,0.031020257811858618
2025-04-15,66.21000000000001,5.8,31.49,0.024617098148198662,0.01563889388445473,0.0019071843034569826
2025-04-16,65.98,5.78,31.88,-0.003479843136319423,-0.003454234868087446,0.012308818809081102
2025-04-17,65.06,5.7700000000000005,32.379999999999995,-0.014041744755229945,-0.0017316021642778238,0.015562094327474768
2025-04-22,63.3,5.8,32.4,-0.027424591895074978,0.005185837032365415,6.17474548794749e-4
2025-04-24,63.93,5.930000000000001,32.8,0.009903405628504896,0.022166295457260635,0.012270092591814401
2025-04-25,65.89,5.95,33.120000000000005,0.030197950147092992,0.0033670065479042485,0.009708814126961124
2025-04-28,64.2,5.98,33.21,-0.025983474229813,0.0050293484050019585,0.0027137058715961037
2025-04-29,63.55,6,33.1,-0.010176213060452518,0.00333890126551463,-0.003317753005637953
2025-04-30,65.05,6.04,32.82,0.02332920732305129,0.00664454271866851,-0.008495196721072464
2025-08-01,71.14,6.09,37.44,0.08949356156179493,0.008244069775082062,0.13170156594744634
2025-08-04,69.52,6.14,37.54,-0.023035285563172588,0.008176660437245319,0.002667379548971453
2025-08-05,70.07,6.1499999999999995,37.78,0.007880261425305965,0.0016273396593754076,0.006372830915000852
2025-08-06,70.74000000000001,6.13,38.260000000000005,0.00951644139489233,-0.0032573318703063986,0.012625101938743527
2025-08-07,70.1,6.21,37.75,-0.009088389736790346,0.012966145997267281,-0.013419488317073184
2025-08-08,72.14,6.22,37.760000000000005,0.028685881434848532,0.0016090108057006856,2.6486558226628367e-4
2025-08-11,72.17999999999999,6.21,37.82,5.543237392494924e-4,-0.0016090108057006626,0.0015877219530113541
2025-08-12,71.3,6.22,38.37,-0.012266671794392213,0.0016090108057006856,0.014437841028549588
2025-08-14,70.54,6.29,37.91,-0.010716402612344194,0.011191163961261078,-0.012060974730617596
2025-08-15,70.13,6.3,37.949999999999996,-0.005829262259087042,0.00158856268513774,0.0010545743133953736
2025-08-18,70.21000000000001,6.31,38.120000000000005,0.0011400884803386174,0.0015860431556347795,0.0044695749443627
2025-08-19,71.36999999999999,6.359999999999999,38.220000000000006,0.016386861953818225,0.007892700798908983,0.002619860026125545
2025-08-20,70.47,6.37,38.190000000000005,-0.012690525644044793,0.0015710922320413677,-7.852375747021967e-4
2025-08-21,71.19,6.359999999999999,38.51,0.010165271776850709,-0.0015710922320413233,0.008344246589392583
2025-08-22,72.05,6.39,38.730000000000004,0.012007963329749113,0.004705891037412714,0.005696545699843453
2025-08-26,71.31,6.3,38.57,-0.010323752405318748,-0.014184634991956413,-0.00413972130652444
2025-08-28,71.17999999999999,6.3,38.56,-0.001824689958165712,0,-2.5930247779146535e-4
2025-08-29,71.3,6.25,38.53,0.0016844473382037492,-0.007968169649176845,-7.783111042786435e-4
2025-09-01,73.14,6.26,38.51,0.025479085300984965,0.0015987213636970733,-5.192108112487881e-4
2025-09-02,73.5,6.159999999999999,38.18,0.004909993497555785,-0.016103407566578846,-0.008606129529215975
2025-09-03,73.27,6.21,37.849999999999994,-0.0031341580469185664,0.008084118399959058,-0.008680838414143964
2025-09-04,74.38,6.25,38.03,0.015035840325051486,0.006420567802922761,0.004744342056710716
2025-09-05,75.44000000000001,6.25,37.349999999999994,0.014150549828278357,0,-0.018042410361342107
2025-09-08,75.21000000000001,6.28,37.58,-0.0030534374868903427,0.004788516731797315,0.006139082406493107
2025-09-09,76.4,6.28,38.02,0.015698495334163023,0,0.011640343074963888
2025-09-11,76.07,6.3,38.06,-0.00432872716326519,0.0031796529173795844,0.0010515248077201979
2025-09-12,75.02,6.29,37.91,-0.01389922435546846,-0.0015885626851378416,-0.00394893233976016
2025-09-15,75.02,6.31,38.02,0,0.0031746058407726395,0.0028974075320398877
2025-09-16,76.16999999999999,6.24,37.99,0.015212939730955331,-0.011155494171785399,-7.89369860748967e-4
2025-09-17,77.53,6.25,37.58,0.017697273846171098,0.0016012813669738274,-0.010850973214215017
2025-09-18,77.22,6.3,37.87,-0.004006467394777382,0.007968169649176881,0.007687247928384211
2025-09-19,76.57,6.29,37.58,-0.008453135711058352,-0.0015885626851378416,-0.00768724792838414
2025-09-22,76.8,6.29,37.75,0.0029992850285945473,0,0.00451348170971439
2025-09-23,75.6,6.3,38.21,-0.015748356968139168,0.00158856268513774,0.012111785763774943
2025-09-25,75.56,6.23,38.879999999999995,-5.292405521783611e-4,-0.011173300598125076,0.0173827181334296
2025-09-26,75.16999999999999,6.2700000000000005,39.379999999999995,-0.00517482744393149,0.006400021845467504,0.012778093618741248
2025-09-29,75.2,6.3,38.839999999999996,3.990157664167967e-4,0.0047732787526575905,-0.01380742978785533
2025-09-30,75.95,6.33,38.230000000000004,0.009923998085987802,0.004750602758597799,-0.01583009571480251
